gamma_0,w_0,gamma_1,w_1,gamma_2,w_2
-2.7617073069507776,0.3078717327775426,-2.106050107856205,0.4825282801244869,-1.4466320671589783,0.5262177563128457
-3.055080661867739,0.2549338486822987,-2.619727709810245,0.4386222292742568,-1.8119106729525971,0.3879701853910335
-3.129674664674361,0.2699906556050905,-2.391055785778313,0.2351492708186379,-1.8184197631112664,0.2589732525500888
-3.3706171843236503,0.2699978294125482,-2.6045313646271944,0.1243524702231029,-1.7223838902526911,0.2386207128084875
-2.858984164393865,0.4574562069843328,-2.4471272216841555,0.4672797927335708,-1.6595749061702605,0.4520205776603253
-3.129674664674361,0.2700093443949095,-2.3189084659001677,0.3811796622092236,-1.7279343223884187,0.3183092393341723
-3.129674664674361,0.2700093443949095,-2.382404342382312,0.4541446786961458,-1.6352340153886502,0.3426876280679911
-3.023341439739148,0.2941467624250088,-2.120071689742151,0.2845399722638371,-1.4870560802731705,0.352924789933437
-3.055080661867739,0.3521138552719151,-2.437236408210091,0.3563421544892213,-1.7624102978623897,0.282248126417602
-3.1746835274550755,0.2700071728615602,-2.232226451790637,0.4753082317196017,-1.640024850899671,0.4677745345202965
-2.776190335372457,0.3530389987959988,-2.07485473439331,0.5395458887866147,-1.4720773171593673,0.5117060674401632
-3.090232306167813,0.1423472760889784,-2.457263390205437,0.3187691048112195,-1.7928306937637517,0.4374398566219499
-3.055080661867739,0.3273772097754043,-2.5622380757521497,0.3993990014168126,-1.831674030400181,0.3582897182062967
-3.023341439739148,0.4778891546411493,-2.5363960132149588,0.2898277831522386,-1.8184197631112664,0.3920581297644129
-3.480756404346212,0.2699989257037078,-2.3656181268642924,0.2621852217586011,-1.5981931399228175,0.380367981701952
-2.823516371236462,0.5890908294130658,-2.202925499895092,0.4974470169709584,-1.5341205443525463,0.4604292886064524
-2.943046117412741,0.2988273716967216,-2.257129244486225,0.4356682737574966,-1.654627902351078,0.4261146500143102
-3.1746835274550755,0.2700071728615602,-2.304403566359463,0.3376754016282287,-1.563223646866276,0.3264392022872743
-3.129674664674361,0.2700093443948883,-2.382404342382312,0.3270999395180968,-1.744913081052489,0.3652032120290782
-3.2272184259631564,0.2700052426835577,-2.391055785778313,0.3472453328868843,-1.6797806567981286,0.3218981245806985
-3.3706171843236503,0.270002170587457,-2.5622380757521497,0.1652452518123879,-1.6746648890243256,0.2240331903282658
-3.2272184259631564,0.2700052426835365,-2.575829303548901,0.3584161798420835,-1.977368428181947,0.387754609260623
-3.1746835274550755,0.2699928271384398,-2.457263390205437,0.2289316746375491,-1.621082250852408,0.2780148513957239
-2.807033768343804,0.3298284883834803,-2.2973291519727392,0.4109803064484563,-1.5141018876192835,0.4796969150474469
-2.878161739095484,0.4314754743158007,-2.304403566359463,0.4416753698661091,-1.621082250852408,0.4943474839518975
-2.8408037178631944,0.4838828857054106,-2.159647090722641,0.4699509925276727,-1.5220362417358562,0.5073074151507696
-3.090232306167813,0.295476968676144,-2.283515855137193,0.3290766589086296,-1.5381988585840642,0.3448921049004181
-2.898460116549513,0.347057035221225,-2.3263478740408408,0.2502638666523543,-1.5141018876192835,0.3020388925585818
-2.7617073069507776,0.4888157469260955,-2.232226451790637,0.4494616961359849,-1.5180571187364948,0.4713531139489267
-3.2905267314918945,0.2700035688475619,-2.726551316504396,0.5162228642312171,-1.8956979239918383,0.5477328162421414
-3.2272184259631564,0.2699947573164423,-2.669342091792527,0.1102249882621305,-1.7804643416920256,0.2454253582458339
-3.090232306167813,0.2419970344747335,-2.276769395604891,0.2155996235580525,-1.640024850899671,0.1301051496168979
-2.878161739095483,0.3712841639802181,-2.4892858647872385,0.3923895077986332,-1.706043396888962,0.4925796893333171
-3.3706171843236503,0.270002170587457,-2.635554238190343,0.140617158256545,-1.9599639845400545,0.1684182939046473
-2.858984164393865,0.2807895274954585,-2.3656181268642924,0.3032656609400277,-1.5848518438340828,0.3206842518913205
-3.2272184259631564,0.2699947573164423,-2.4892858647872385,0.3624164308683366,-1.6901461375274702,0.4276168976734241
-2.994383558342588,0.366836723757756,-2.3189084659001677,0.3196386306969952,-1.5761119739866587,0.3418887476975812
-3.055080661867739,0.5075196707407507,-2.437236408210091,0.491290102233111,-1.831674030400181,0.4570595238764616
-3.055080661867739,0.1916744287380236,-2.4181417132227403,0.2270492751113071,-1.5804668183993615,0.2132730743322576
-2.823516371236462,0.4241401534841305,-2.2086355582342136,0.5208339741726704,-1.5260396107882266,0.5988523375449902
-3.023341439739148,0.4469727527982403,-2.399889984291418,0.3477660911226498,-1.5937144779287948,0.4689260568640483
-2.858984164393865,0.4420957118717102,-2.304403566359463,0.4257130087680024,-1.5674908641334395,0.552680022652307
-2.776190335372457,0.436897878601083,-2.2701249980205227,0.4548209671715863,-1.546433122256748,0.4504598646920753
-2.994383558342588,0.2214539749281803,-2.257129244486225,0.3232672238735827,-1.6304804205924204,0.320508149465526
-3.1746835274550755,0.2699928271384398,-2.4892858647872385,0.2821461262223553,-1.8054774570971484,0.3090561200247638
-2.9200279443620203,0.4939371037197196,-2.4181417132227403,0.4930812194492354,-1.7743819103449574,0.5373488212557722
-3.090232306167813,0.2419970344747335,-2.149434160090929,0.3865764422351705,-1.4720773171593673,0.3718046903966018
-2.994383558342588,0.4142127746210499,-2.427578428974786,0.4256487817209415,-1.6595749061702605,0.5085591050545013
-2.9200279443620203,0.4224195492519279,-2.238322989184632,0.3764517487138837,-1.5505898754088914,0.3624864689703028
-3.2272184259631564,0.2699947573164423,-2.399889984291418,0.3452929055633071,-1.8250068211464032,0.367580762624566
-2.734368786533181,0.6074618652088606,-2.1545125352688226,0.7229870121066947,-1.6448536269514729,0.5772422464170291
-2.9430461174127407,0.4062375154799468,-2.382404342382312,0.3270999395180968,-1.7335385038417948,0.4549428352705318
-2.5048596270829515,0.6410464994517527,-2.1807758452405013,0.6158706936717429,-1.589267557051392,0.5698148510146683
-2.994383558342588,0.1638904821349825,-2.399889984291418,0.2347273881564309,-1.7168860184310404,0.3126788449961057
-2.8408037178631944,0.3500055896623111,-2.2202765609095434,0.3694540823184151,-1.5220362417358562,0.4413647086490934
-3.129674664674361,0.2699906556050905,-2.619727709810245,0.4275168403725679,-1.8521798587690463,0.240839977923019
-3.480756404346212,0.2699989257037078,-2.7477813854449926,0.32805312408728,-1.9599639845400545,0.3173832046889869
-2.58457180560991,0.4526965635856097,-2.191716272671173,0.4988817889637611,-1.4832801273356206,0.5539326248090637
-2.7477813854449926,0.4439739092786765,-2.16483922180398,0.5518613505851275,-1.6118251211466297,0.5048851032630651
-2.7477813854449926,0.3664241649262585,-2.106050107856205,0.3543661794808038,-1.479525205080659,0.401083751284235
-2.641663404715812,0.2908523961914345,-2.1700903775845606,0.3246801930547548,-1.401716237057051,0.3763488733055186
-3.090232306167813,0.1423472761037539,-2.5121443279304616,0.2414083265965993,-1.6304804205924204,0.2961338793707028
-3.129674664674361,0.2699906556050905,-2.3263478740408408,0.4116420250394274,-1.690146137527471,0.2921801388304089
-3.1746835274550755,0.2699928271384398,-2.5622380757521497,0.1652452518109265,-1.8184197631112664,0.3087819962542557
-2.9677379253417837,0.3558536720111543,-2.34947314927121,0.3299114665697022,-1.6746648890243256,0.3642374777051921
-2.994383558342588,0.1638904821348333,-2.1700903775845606,0.4800148655215653,-1.5848518438340828,0.3511610180177207
-3.3706171843236503,0.2699978294125482,-2.437236408210091,0.4226541741554676,-1.8662957434581071,0.3948814858740657
-2.9200279443620203,0.4824517478613995,-2.3339183061836266,0.4941786141866237,-1.621082250852408,0.552082676052195
-3.129674664674361,0.2700093443949095,-2.4181417132227403,0.3161631716835577,-1.7743819103449574,0.3858915214027362
-2.9677379253417837,0.2847585783227163,-2.382404342382312,0.3079059426362138,-1.690146137527471,0.3280201517308217
-2.9200279443620203,0.4158950085711125,-2.408915545815461,0.4072543400130861,-1.6164363711150211,0.4276369249721267
-3.055080661867739,0.4625228243393957,-2.304403566359463,0.3461833999599688,-1.5381988585840642,0.4588425919779477
-3.2272184259631564,0.2699947573164423,-2.6874494471514727,0.3114214744185756,-1.8250068211464032,0.3147731329098968
-2.9677379253417837,0.4877474278277752,-2.4181417132227403,0.4494727473441081,-1.7683644242721612,0.5471797110978955
-3.023341439739148,0.2597963118042581,-2.4676584925406813,0.4405335930895123,-1.6695925772881872,0.412343902133944
-3.3706171843236503,0.270002170587457,-2.408915545815461,0.4687353084498513,-1.7928306937637517,0.4643249241216222
-2.9677379253417837,0.2584231302474422,-2.2903678778552674,0.2880664855884452,-1.616436371115022,0.3675766446229961
-2.823516371236462,0.2631953664162347,-2.134522914059873,0.2852683492256325,-1.5141018876192835,0.2668252741159801
-3.023341439739148,0.4056353470198688,-2.408915545815461,0.3011539784995571,-1.5300675881378287,0.4477000384310461
-3.090232306167813,0.3608426877827634,-2.283515855137193,0.2589050215826578,-1.6849407678719148,0.3674092161117615
-3.480756404346212,0.2699989257037078,-2.524084626991986,0.3564793649729232,-1.911035647549118,0.3458388296884164
-3.1746835274550755,0.2700071728615602,-2.478327289170969,0.2272766021351074,-1.7928306937637517,0.2636571886143961
-2.734368786533181,0.2891637498319332,-2.129656291587961,0.3080848523688911,-1.3626273014608776,0.3619026354748691
-3.1746835274550755,0.2699928271384398,-2.220276560909543,0.3715130930298735,-1.607247891900218,0.4017867821473059
-3.023341439739148,0.4469727527906197,-2.4181417132227403,0.2327105671109574,-1.6695925772881872,0.2527530779716424
-2.823516371236462,0.3778008166006422,-2.1807758452405013,0.4222703494466827,-1.6497210636833617,0.4414660382917867
-2.994383558342588,0.3341870712317117,-2.283515855137193,0.3759245049708096,-1.6746648890243256,0.4637558537026223
-3.055080661867739,0.3521138552718959,-2.5121443279304616,0.434518418668617,-1.7991181068379674,0.5459097858152392
-2.79128021044411,0.3912514848257136,-2.083562291864799,0.4239020639478919,-1.4255440370804515,0.4398518149325057
-2.898460116549513,0.0814331302139142,-2.3656181268642924,0.3779969875135388,-1.616436371115022,0.3776142363731577
-3.129674664674361,0.2700093443949095,-2.437236408210091,0.2223305351529446,-1.6595749061702605,0.2867832703650191
-2.9200279443620203,0.3468936496611139,-2.197286376641052,0.4628959613314838,-1.616436371115022,0.3432555442464516
-3.090232306167813,0.3608426877827634,-2.4471272216841555,0.2807507146543327,-1.706043396888962,0.3331875427092531
-3.023341439739148,0.1310767403992938,-2.232226451790637,0.3122455657043008,-1.490853355246661,0.4208007754821269
-2.9430461174127407,0.4062375154804638,-2.186213350199518,0.4543031157562415,-1.6027040905517569,0.4407979540078988
-2.8984601165495136,0.2200997771116125,-2.257129244486225,0.3232672238735827,-1.5423029188383173,0.3793766525148184
-2.878161739095483,0.4314754743544023,-2.244503873165393,0.331063732761356,-1.589267557051392,0.3835979711737277
-2.776190335372457,0.4152758623986878,-2.197286376641052,0.5334072616192901,-1.4832801273356206,0.6003311929102818
-3.090232306167813,0.1423472761037539,-2.257129244486225,0.3479877605734184,-1.640024850899671,0.3855430623738478
-3.2272184259631564,0.2699947573164423,-2.726551316504396,0.4129513686557811,-1.8881933369885056,0.3443427313915623
-3.129674664674361,0.2699906556050905,-2.311595225503249,0.4276427455504024,-1.607247891900218,0.3884500206606083
-2.9430461174127407,0.3978776937660491,-2.3189084659001677,0.5004916340981781,-1.6746648890243256,0.4138991336625157
-3.2905267314918945,0.2700035688475619,-2.726551316504396,0.3430034102743394,-1.9599639845400545,0.2515964831872279
-2.823516371236462,0.5471171953506008,-2.257129244486225,0.472715154163626,-1.6304804205924204,0.5522082092059439
-3.023341439739148,0.3782909603384377,-2.3656181268642924,0.4056434074119732,-1.6118251211466297,0.4670266027125516
-2.994383558342588,0.4039365920512437,-2.4892858647872385,0.4266271094354413,-1.918876226216576,0.436032118954044
-2.807033768343804,0.4756085740337458,-2.101466907363777,0.5537986794795108,-1.5141018876192835,0.6057170136834009
-3.480756404346212,0.2699989257037078,-2.726551316504396,0.3639834752116352,-1.977368428181947,0.208792217170366
-3.090232306167813,0.2954769686759572,-2.4181417132227403,0.3373293187699056,-1.8054774570971484,0.3008782352367454
-2.807033768343804,0.4013932250925118,-2.2086355582342136,0.3949256083090773,-1.479525205080659,0.5019134433335772
-3.2905267314918945,0.2700035688475619,-2.524084626991986,0.2802860928316298,-1.7624102978623897,0.278226477743864
-3.1746835274550755,0.2700071728615602,-2.478327289170969,0.3361982740228785,-1.739197665285252,0.4127509020175354
-3.662259930887701,0.2699996791318876,-2.7477813854449926,0.3937212391664761,-1.8521798587690463,0.373628091578744
-2.9200279443620203,0.4607068063648944,-2.3339183061836266,0.4514400498478506,-1.6645628612027217,0.5202657907709528
-3.1746835274550755,0.2699928271384398,-2.589913682701567,0.3523872493303617,-1.7624102978623897,0.3185521599154675
-3.2272184259631564,0.2699947573164423,-2.489285864787238,0.2706303077828076,-1.8250068211464032,0.3889890832971835
-3.3706171843236503,0.2699978294125482,-2.4892858647872385,0.2928492136666543,-1.706043396888962,0.3252434014047218
-3.090232306167813,0.1423472761037539,-2.437236408210091,0.3535851805516626,-1.8316740304001808,0.3495191496982388
-3.129674664674361,0.2700093443949095,-2.5622380757521497,0.3843252906647675,-1.873495453369492,0.483625723788966
-3.090232306167813,0.295476968676144,-2.399889984291418,0.5321003515362337,-1.7279343223884187,0.4810188343548758
-3.1746835274550755,0.2699928271384398,-2.4372364082100915,0.3328293174978042,-1.7168860184310404,0.3614381071096721
-2.994383558342588,0.3140305978282972,-2.244503873165393,0.4185942794425903,-1.706043396888962,0.4184534024453435
-3.1746835274550755,0.2700071728615602,-2.589913682701567,0.242475593802907,-1.895697923991838,0.3030675212314197
-2.79128021044411,0.377787020107483,-2.257129244486225,0.5149089880812044,-1.621082250852408,0.6012367686658652
-3.129674664674361,0.2699906556050905,-2.304403566359463,0.3050246944350256,-1.654627902351078,0.3208242772342115
-3.1746835274550755,0.2699928271384398,-2.6874494471514727,0.1110393351108945,-1.8881933369885056,0.2597624549167771
-3.090232306167813,0.2419970344747335,-2.391055785778313,0.3608865522311458,-1.6797806567981286,0.3377374522560777
-2.9200279443620203,0.3468936496611139,-2.3739276238981604,0.3027503730766163,-1.5937144779287948,0.254239591376269
-2.7089328488879056,0.4604606144311812,-2.149434160090929,0.4861901881282103,-1.4946722498066205,0.519403024297127
-3.1746835274550755,0.2700071728615602,-2.3263478740408408,0.1443755298192674,-1.6352340153886502,0.2618314109792097
-3.090232306167813,0.2419970344747335,-2.3189084659001677,0.3532005686095275,-1.6849407678719144,0.3249695659878422
-3.2905267314918945,0.2700035688475619,-2.437236408210091,0.2893676047520868,-1.756518004011915,0.3893174377930766
-3.055080661867739,0.2963987728070476,-2.283515855137193,0.3598179304875764,-1.640024850899671,0.3292269151256217
-3.023341439739148,0.3210561959902966,-2.191716272671173,0.3961677106100251,-1.4832801273356206,0.4221642229803294
-2.807033768343804,0.3061825078173126,-2.110677979232279,0.4510461639776172,-1.4720773171593673,0.4447757082324954
-2.967737925341784,0.2584231331007264,-2.2701249980205227,0.2557544422852918,-1.5848518438340828,0.3016432600646713
-3.3706171843236503,0.2699978294125482,-2.4471272216841555,0.3503361648548596,-1.7804643416920256,0.3937598460373563
-3.1746835274550755,0.2700071728615602,-2.382404342382312,0.4057146860158969,-1.8054774570971484,0.366376578080546
-2.858984164393865,0.2807895274954562,-2.3263478740408408,0.5034136075343363,-1.6448536269514729,0.4276960998414081
-2.994383558342588,0.4813303718108812,-2.391055785778313,0.4379374582498314,-1.6695925772881872,0.4530128005981653
-2.878161739095483,0.3366422509346694,-2.257129244486225,0.4429273071405931,-1.7006964611109074,0.3558554053692248
-2.898460116549513,0.0814331302139142,-2.263579335593085,0.2840374573161488,-1.5381988585840642,0.2942427789549759
-2.7214307614823623,0.6128969234983689,-2.14441062091184,0.5779387390590709,-1.5220362417358562,0.6423748170587904
-3.2272184259631564,0.2699947573164423,-2.408915545815461,0.2229748754769681,-1.8184197631112664,0.2912823613600038
-3.1746835274550755,0.2699928271384398,-2.478327289170969,0.3434618143120168,-1.5981931399228175,0.3171116113414018
-2.858984164393865,0.3747017697037825,-2.16483922180398,0.3274743730581291,-1.5674908641334402,0.4465721457817786
-2.994383558342588,0.1638904821349825,-2.311595225503249,0.3320556013771874,-1.5589847061722557,0.375605496035541
-3.2905267314918945,0.2699964311524381,-2.3189084659001677,0.2576103594661247,-1.5589847061722557,0.3588423099838472
-3.3706171843236503,0.270002170587457,-2.5121443279304616,0.3061334517856411,-1.7114395577093575,0.346333269211696
-2.8408037178631944,0.4268213093424209,-2.3263478740408416,0.324859413195468,-1.5423029188383173,0.3571943551907905
-3.023341439739148,0.2597963118047912,-2.3263478740408408,0.429245837192195,-1.6595749061702605,0.5164957452387132
-2.994383558342588,0.3140305978282972,-2.575829303548901,0.3480816250815707,-1.911035647549118,0.4222974240418137
-2.823516371236462,0.3243318396876473,-2.124839591256226,0.3496268856350109,-1.5341205443525463,0.3875637239955584
-2.734368786533181,0.3394843489940542,-2.1444106209118403,0.4847713330706539,-1.621082250852408,0.468362067141112
-3.2905267314918945,0.2699964311524381,-2.3656181268642924,0.2007408628317992,-1.6595749061702605,0.2660880332106112
-3.129674664674361,0.2700093443949095,-2.283515855137193,0.4286009087111691,-1.621082250852408,0.4172134210330677
-2.823516371236462,0.3832149969230979,-2.257129244486225,0.4331815024913064,-1.5674908641334395,0.4286685464221998
-2.734368786533181,0.1663767393065705,-2.134522914059873,0.4031971426284629,-1.57178681650986,0.3557742851391303
-2.807033768343804,0.3925418283592125,-2.3339183061836266,0.4205402644442699,-1.654627902351078,0.4208560924000327
-2.994383558342588,0.2900371346048082,-2.250771713261278,0.4258996916722669,-1.6352340153886502,0.3215832868764897
-2.823516371236462,0.2867960212653416,-2.3574688291357644,0.323723608015865,-1.706043396888962,0.350660747889652
-3.055080661867739,0.1916744287378732,-2.283515855137193,0.3822164630410925,-1.4832801273356206,0.4240716669319599
-2.9677379253417837,0.3065694190286044,-2.4181417132227403,0.3704976289066013,-1.7279343223884187,0.3845589585813344
-3.2272184259631564,0.2700052426835577,-2.478327289170969,0.4020779924503509,-1.9268365732639103,0.3942373222223385
-3.2905267314918945,0.2700035688475619,-2.575829303548901,0.4089160990381603,-1.739197665285252,0.2982217904718598
-3.1746835274550755,0.2699928271384398,-2.549104283706182,0.1870364075818859,-1.7743819103449574,0.3458940434025701
-2.9677379253417837,0.2584231302666629,-2.2701249980205227,0.2630352203201193,-1.607247891900218,0.3549254585405144
-3.3706171843236503,0.270002170587457,-2.408915545815461,0.4000047809859549,-1.7683644242721612,0.3660982534569069
-2.9200279443620203,0.4090248745865043,-2.186213350199518,0.37219407202842,-1.4832801273356206,0.4012337050458714
-2.9200279443620203,0.3772057841804644,-2.2973291519727392,0.5091631224786178,-1.5023761199558543,0.4830750013478116
-3.3706171843236503,0.2699978294125482,-2.4676584925406813,0.3197871800788944,-1.838423669247777,0.4579645771581131
-3.3706171843236503,0.2699978294125482,-2.549104283706182,0.4336344418135133,-2.07485473439331,0.415001005395645
-2.994383558342588,0.3804557648593407,-2.3263478740408408,0.4091523602735342,-1.78661336549347,0.4833804244676697
-2.807033768343804,0.575409584865522,-2.34947314927121,0.5810758542220973,-1.706043396888962,0.5627148699730818
-2.994383558342588,0.2214539749281803,-2.3574688291357644,0.2835631211530727,-1.550589875408891,0.3238505631628122
-3.090232306167813,0.2419970344747335,-2.341624910132738,0.2469535176943654,-1.690146137527471,0.3542692657330327
-3.2905267314918945,0.2699964311524381,-2.5622380757521497,0.2107469245519918,-1.873495453369492,0.4068540328754738
-2.9430461174127407,0.2548215305233007,-2.2144185499958327,0.3425890433528546,-1.616436371115022,0.4367648352395999
-3.2905267314918945,0.2700035688475619,-2.478327289170969,0.3504041140726105,-1.7683644242721612,0.3227227340100806
-3.055080661867739,0.3726986926319821,-2.34947314927121,0.3385158282440624,-1.744913081052489,0.3265499658146991
-3.090232306167813,0.1423472761037539,-2.4892858647872385,0.3750973453035041,-1.7928306937637517,0.3612305195770757
-2.878161739095483,0.4214319133614566,-2.2202765609095434,0.4769470121451017,-1.616436371115022,0.5405763878013019
-3.2272184259631564,0.2699947573164423,-2.478327289170969,0.3032036792319265,-1.690146137527471,0.3905344917011296
-2.9677379253417837,0.2847585783227185,-2.202925499895092,0.4766037709685806,-1.6352340153886502,0.3930604146232078
-3.023341439739148,0.3431834609051476,-2.4892858647872385,0.3122420167309773,-1.6352340153886502,0.3270517700547186
-2.898460116549513,0.3971287831234246,-2.2202765609095434,0.4885764771516752,-1.5674908641334395,0.4804094398448366
-3.023341439739148,0.3210561959902966,-2.250771713261278,0.4023426834236747,-1.5180571187364948,0.4790269082056794
-2.79128021044411,0.4945790390465195,-2.2701249980205227,0.4801192905829546,-1.5717868165098594,0.5417496551309988
-2.776190335372457,0.5171620207406818,-2.2202765609095434,0.5168772770872124,-1.5505898754088914,0.6009628454237678
-2.9430461174127407,0.4214830191767051,-2.197286376641052,0.4640278962624303,-1.6257633862332344,0.5220325128518951
-3.023341439739148,0.2941467624250088,-2.4892858647872385,0.2764978800754675,-1.7743819103449574,0.3113662030577802
-3.1746835274550755,0.2700071728615602,-2.3574688291357644,0.3539757639375362,-1.706043396888962,0.4686710116764833
-2.858984164393865,0.3164592789986181,-2.2973291519727392,0.3140557925313116,-1.5423029188383173,0.387836053665787
-3.129674664674361,0.2700093443948883,-2.3739276238981604,0.4212813495940463,-1.7114395577093575,0.4116145333319381
-2.994383558342588,0.2900371345830624,-2.186213350199518,0.47938400368529,-1.640024850899671,0.4592066577670924
-2.898460116549513,0.3744657118954821,-2.3739276238981604,0.3318445710465367,-1.706043396888962,0.3668437686641385
-3.2272184259631564,0.2699947573164423,-2.3263478740408408,0.3097354766010448,-1.7006964611109074,0.3140518946644318
-3.023341439739148,0.2121031718443058,-2.6045313646271944,0.3507432334927759,-1.706043396888962,0.2514004965246472
-3.2272184259631564,0.2699947573164423,-2.3739276238981604,0.3435260900711847,-1.756518004011915,0.3591641870392917
-2.807033768343804,0.4730956908936843,-2.053748910631823,0.5115198312518694,-1.4610562691869065,0.5544208705952857
-2.994383558342588,0.2603830632594065,-2.457263390205437,0.4614347434226135,-1.8881933369885064,0.3751433537007214
-3.055080661867739,0.2963987728070476,-2.5121443279304616,0.3113063344087306,-1.880793608151251,0.3198379397631691
-3.090232306167813,0.1423472761037539,-2.4471272216841555,0.2712341525341429,-1.7223838902526911,0.3953415817042069
-2.9430461174127407,0.3793261886363797,-2.257129244486225,0.34798776064672,-1.6257633862332344,0.3976377931321868
-3.055080661867739,0.4193971001986105,-2.3574688291357644,0.5131221081873989,-1.5341205443525463,0.4905540998685821
-2.898460116549513,0.3364834782449449,-2.34947314927121,0.4405380952856382,-1.6352340153886502,0.4503093397296557
-3.1746835274550755,0.2700071728615602,-2.283515855137193,0.4856118500854238,-1.6953977102721358,0.4207995401246601
-2.9200279443620203,0.5447878252807795,-2.478327289170969,0.4723183445191011,-1.7223838902526911,0.5348049218859426
-2.9430461174127407,0.5035641285385357,-2.4676584925406813,0.5025095841284735,-1.744913081052489,0.4945181446840216
-3.129674664674361,0.2699906556050905,-2.2973291519727392,0.3307514083936508,-1.6953977102721358,0.4563687787215236
-3.2272184259631564,0.2699947573164423,-2.589913682701567,0.1144907065538001,-1.7683644242721612,0.1861509237721279
-3.1746835274550755,0.2699928271384398,-2.382404342382312,0.3974911435670175,-1.7683644242721612,0.3521170688661137
-3.090232306167813,0.1423472761037539,-2.382404342382312,0.2861025137132293,-1.6645628612027217,0.2723423645970451
-2.8408037178631944,0.3640429022093023,-2.232226451790637,0.4193072831772307,-1.5674908641334395,0.3931907096247658
-3.023341439739148,0.3619705322035204,-2.2903678778552674,0.4958606251265253,-1.6695925772881872,0.5588454646095676
-2.621670431583781,0.5200026634276346,-2.175402063676397,0.5337057884834446,-1.5180571187364948,0.5314976507593833
-2.9430461174127407,0.4639278924288395,-2.3656181268642924,0.4645310502564851,-1.6257633862332344,0.4074698189931557
-2.9430461174127407,0.3315592597796707,-2.3339183061836266,0.2768929458278004,-1.706043396888962,0.2716929135557275
-2.9677379253417837,0.3065694190286944,-2.500551793049049,0.2914622539648573,-1.7114395577093575,0.3112927274673482
-2.994383558342588,0.3140305978214223,-2.244503873165393,0.390611551371914,-1.4908533552466603,0.390090183717495
-3.129674664674361,0.2700093443948883,-2.457263390205437,0.3261566886900034,-1.7624102978623897,0.425125769971511
-3.055080661867739,0.4428600664064475,-2.244503873165393,0.5166837664956632,-1.6118251211466297,0.4869220917715733
-2.858984164393865,0.4047671788743048,-2.257129244486225,0.4917573974980495,-1.6257633862332344,0.5447929366746606
-2.6120541412292777,0.3190025766035532,-1.9236377961796909,0.4218921369836102,-1.287270563107941,0.4961912409548124
-3.2905267314918945,0.2700035688475619,-2.635554238190343,0.4866075619356972,-1.977368428181947,0.3353975484282851
-2.9677379253417837,0.2251114910237549,-2.3189084659001677,0.3133246474598302,-1.739197665285252,0.3161624080935335
-2.994383558342588,0.2603830632594065,-2.391055785778313,0.4633183772750264,-1.7743819103449574,0.5053379586976404
-3.2272184259631564,0.2700052426835577,-2.5121443279304616,0.2707356104946888,-1.7335385038417948,0.3739367850174909
-3.2905267314918945,0.2700035688475619,-2.408915545815461,0.3142476380156552,-1.690146137527471,0.340343733354785
-3.129674664674361,0.2700093443949095,-2.4471272216841555,0.4373977472479276,-1.895697923991838,0.3770484709057145
-2.994383558342588,0.4237104685960994,-2.257129244486225,0.4917573974980495,-1.5381988585840642,0.6121885858135131
-3.2905267314918945,0.2700035688475619,-2.382404342382312,0.4165861846642361,-1.7006964611109074,0.3798707542803237
-2.9430461174127407,0.2548215305231781,-2.186213350199518,0.4184940409607451,-1.7223838902526911,0.4541674658989787
-3.023341439739148,0.4173349136873169,-2.5363960132149588,0.4351033315242434,-1.838423669247777,0.3804126977121302
-2.9677379253417837,0.3688017273708376,-2.2701249980205227,0.3101350347544949,-1.706043396888962,0.3668437686641413
-3.055080661867739,0.2963987728070488,-2.3574688291357644,0.343795965844787,-1.7168860184310404,0.3849380862182903
-2.9430461174127407,0.4284764727881238,-2.304403566359463,0.3305458851308624,-1.654627902351078,0.4508088227729594
-2.8984601165495136,0.4697975476252649,-2.4471272216841555,0.4810529496662026,-1.7279343223884187,0.4589955676258223
-2.6968442608781262,0.3959117877780818,-2.1700903775845606,0.4356922295250248,-1.5848518438340828,0.5326739048844926
-2.9677379253417837,0.461000712945733,-2.2701249980205227,0.4834579438911118,-1.6953977102721358,0.4664306985799067
-3.090232306167813,0.3325035085562102,-2.4471272216841555,0.1962317315669285,-1.744913081052489,0.3664636832089124
-2.858984164393865,0.3164592789972219,-2.106050107856205,0.3788532790446531,-1.4255440370804509,0.3914086577770493
-2.7214307614823623,0.4052848777094098,-2.16483922180398,0.4278342570906355,-1.4870560802731696,0.45847859993175
-3.129674664674361,0.2700093443949095,-2.6874494471514727,0.254814974246432,-1.7928306937637517,0.2969608685083691
-2.807033768343804,0.3499734911609492,-2.244503873165393,0.3524092059144766,-1.6118251211466297,0.376787795142583
-2.8984601165495136,0.1897047248315251,-2.2973291519727392,0.3910782087345427,-1.589267557051392,0.3627305393821226
-2.994383558342588,0.3927437428096784,-2.408915545815461,0.4451153918210981,-1.6257633862332344,0.4568974482375455
-3.1746835274550755,0.2700071728615602,-2.500551793049049,0.5032894828101071,-1.8521798587690463,0.4945536055703632
-3.2272184259631564,0.2699947573164423,-2.4892858647872385,0.2645245538710744,-1.838423669247777,0.3004257927401162
-3.2272184259631564,0.2699947573164423,-2.549104283706182,0.3625186780232662,-1.845258116755501,0.3609795394745325
-3.1746835274550755,0.2699928271384398,-2.500551793049049,0.3644378277415559,-1.706043396888962,0.3723491745600989
-2.9430461174127407,0.3452595831250193,-2.276769395604891,0.4517150863953816,-1.589267557051392,0.5365969913839805
-3.1746835274550755,0.2699928271384398,-2.3189084659001677,0.3797403567888585,-1.621082250852408,0.3708483463507322
-2.994383558342588,0.3804557648593789,-2.226211769317175,0.3782946789314679,-1.5848518438340828,0.4677995006325821
-3.662259930887701,0.2699996791318876,-2.619727709810245,0.3271476684400142,-1.8807936081512509,0.3222663974653187
-2.994383558342588,0.2900371347311666,-2.263579335593085,0.373351629539455,-1.5220362417358562,0.4634368573313603
-2.9677379253417837,0.1793532595276828,-2.3189084659001677,0.3427422473518335,-1.6595749061702605,0.3420837946367418
-3.023341439739148,0.2121031718449984,-2.549104283706182,0.2625265984642929,-1.7168860184310404,0.2807013226151742
-2.898460116549513,0.4983157188580744,-2.257129244486225,0.6383458163338995,-1.6849407678719148,0.5923329167529675
-2.8984601165495136,0.2828284014916884,-2.115351501940146,0.4411652803277497,-1.4538063589405747,0.4111980080919875
-3.129674664674361,0.2700093443949095,-2.589913682701567,0.3578326045151024,-1.838423669247777,0.2588890787867036
-3.129674664674361,0.2700093443949095,-2.5622380757521497,0.4766953668414186,-1.8316740304001808,0.585684663851684
-2.858984164393865,0.3935397256716152,-2.2701249980205227,0.4351332663581451,-1.57178681650986,0.4649446517975504
-3.023341439739148,0.3782909603375536,-2.232226451790637,0.5166484727307296,-1.6257633862332344,0.5890111924559199
-2.9430461174127407,0.3576431494584124,-2.283515855137193,0.4890126786849725,-1.6746648890243256,0.5139880487403651
-2.967737925341784,0.3065694190105936,-2.2635793355930853,0.4051240112502099,-1.6746648890243256,0.4617315700510582
-3.090232306167813,0.3325035085562056,-2.575829303548901,0.381529418303359,-1.7991181068379674,0.2241460366331084
-2.8408037178631944,0.5577865405670774,-2.2086355582342136,0.5746006967242593,-1.6164363711150211,0.5104652700089848
-3.2905267314918945,0.2700035688475619,-2.478327289170969,0.3361982740390768,-1.739197665285252,0.3383758153390293
-2.8984601165495136,0.3123800585891291,-2.276769395604891,0.4549270238575256,-1.5674908641334395,0.4155723182843288
-2.5121443279304616,0.5478088938863365,-2.04963563808172,0.6885801218188252,-1.401716237057051,0.5700308477669839
-3.090232306167813,0.3325035085562102,-2.5121443279304616,0.4345184186697472,-1.7168860184310404,0.4648869847519666
-2.994383558342588,0.3341870712317117,-2.399889984291418,0.3477660911226498,-1.739197665285252,0.3648052002552248
-2.652069807902196,0.2719830163069132,-2.0620812620069104,0.361324542085704,-1.331574648852845,0.3714510460898003
-3.129674664674361,0.2699906556050905,-2.4181417132227403,0.2879219527989967,-1.8119106729525976,0.311020021897026
-3.3706171843236503,0.2699978294125482,-2.478327289170969,0.283626862530341,-1.8054774570971484,0.2667662794294943
-2.7477813854449926,0.4597430632963845,-2.110677979232279,0.5154342009626454,-1.381907841271809,0.3994911810743058
-3.023341439739148,0.3431834609051408,-2.250771713261278,0.4720390787544468,-1.7335385038417948,0.3797276047861841
-2.994383558342588,0.1638904821348333,-2.4181417132227403,0.3920743424702816,-1.6797806567981286,0.4078023102279811
-2.994383558342588,0.290037134625377,-2.2701249980205227,0.3525195148968081,-1.6746648890243256,0.3752620055632797
-2.898460116549513,0.4983157188580751,-2.311595225503249,0.4748242575679636,-1.621082250852408,0.4548841781507483
-2.9677379253417837,0.3414411425351283,-2.399889984291418,0.2961471135432156,-1.7624102978623897,0.2012971199181175
-3.2905267314918945,0.2700035688475619,-2.5121443279304616,0.3433282255385719,-1.6746648890243256,0.311090338689546
-2.994383558342588,0.3668367237578844,-2.3263478740408408,0.4303577682503389,-1.6595749061702605,0.3941491856183724
-2.9677379253417837,0.4012331458149984,-2.4676584925406813,0.2576429702370522,-1.7928306937637517,0.2562388181864037
-3.023341439739148,0.2597963118047912,-2.500551793049049,0.2968579793947208,-1.903310818708997,0.2821602393973657
-2.9200279443620203,0.3073102182424671,-2.457263390205437,0.3727125342039048,-1.654627902351078,0.4405333362419588
-2.9200279443620203,0.4158950085688475,-2.500551793049049,0.3257610021338729,-1.6953977102721358,0.2827122000834532
-2.9200279443620203,0.4090248745864062,-2.16483922180398,0.3817344050566291,-1.5589847061722557,0.4792787913383859
-3.3706171843236503,0.2699978294125482,-2.437236408210091,0.2893676047520868,-1.756518004011915,0.2357033576806022
-3.129674664674361,0.2700093443949095,-2.5121443279304616,0.4965934228722187,-1.75068607125217,0.3150788080046281
-2.476978185758208,0.4506855159765381,-1.8749471107527984,0.5829492842213243,-1.313543122746876,0.6631362872472066
-3.129674664674361,0.2700093443948883,-2.437236408210091,0.3563421544892213,-1.6645628612027217,0.3506175683907993
-3.129674664674361,0.2699906556050905,-2.437236408210091,0.4398588534906972,-1.7991181068379674,0.4329545861057842
-2.994383558342588,0.366836723757756,-2.220276560909543,0.3918078695415571,-1.6118251211466297,0.4460230718862173
-2.878161739095483,0.2577904539632153,-2.283515855137193,0.276005278012466,-1.607247891900218,0.3037918153535482
-3.090232306167813,0.4342561925594163,-2.457263390205437,0.4999416276233321,-1.873495453369492,0.4879705753993655
-2.858984164393865,0.352764044296892,-2.0663017106958548,0.3850292448495311,-1.3626273014608776,0.4507063513696925
-2.9430461174127407,0.3162290045333961,-2.3189084659001677,0.4758019428884835,-1.6497210636833617,0.3725856508340568
-3.3706171843236503,0.2699978294125482,-2.549104283706182,0.224432849799484,-1.8591914944718684,0.2780086498488441
-3.2272184259631564,0.2699947573164423,-2.6045313646271944,0.1945911287955829,-1.8184197631112664,0.3149670235270536
-3.2905267314918945,0.2699964311524381,-2.549104283706182,0.187036407581866,-1.903310818708997,0.1920584654344896
-2.878161739095483,0.4105623632832431,-2.2903678778552674,0.369056182438311,-1.5804668183993615,0.4348320733933252
-2.807033768343804,0.4136803738607474,-2.186213350199518,0.5240493038018267,-1.5848518438340828,0.5076646592210771
-3.055080661867739,0.3521138552718959,-2.408915545815461,0.3320719860054538,-1.7006964611109074,0.2543670402873098
-2.878161739095483,0.4953963338588198,-2.3339183061836266,0.4288017949894836,-1.739197665285252,0.5815211664363665
-3.129674664674361,0.2699906556050905,-2.382404342382312,0.3639749145631185,-1.756518004011915,0.4442641567684622
-3.129674664674361,0.2700093443948883,-2.408915545815461,0.3555806331795394,-1.6953977102721358,0.4621701058640601
-2.9430461174127407,0.3576431494584124,-2.34947314927121,0.4050575329274631,-1.640024850899671,0.5046045308350089
-3.1746835274550755,0.2700071728615602,-2.4471272216841555,0.3561538874620794,-1.75068607125217,0.3655352347365205
-2.9677379253417837,0.3414411425351283,-2.457263390205437,0.241990940181861,-1.5937144779287948,0.357835452608876
-2.9430461174127407,0.4284764727881238,-2.3263478740408408,0.3820325387564605,-1.6595749061702605,0.4884087839018673
-3.2905267314918945,0.2700035688475619,-2.549104283706182,0.3935964960555399,-1.8807936081512509,0.2351257820984693
-3.1746835274550755,0.2699928271384398,-2.5363960132149588,0.28312169178032,-1.8184197631112664,0.3468545371262028
-3.129674664674361,0.2700093443948883,-2.427578428974786,0.2626005950874245,-1.739197665285252,0.4392748378386433
-3.2272184259631564,0.2700052426835577,-2.549104283706182,0.4563052204798776,-1.903310818708997,0.5441954643036649
-3.129674664674361,0.2699906556050905,-2.4181417132227403,0.2018925999948344,-1.6645628612027217,0.330681581570351
-2.8984601165495136,0.3900006819182794,-2.2202765609095434,0.417317202209211,-1.5220362417358562,0.4182993932972896
-2.9430461174127407,0.1289250358876489,-2.186213350199518,0.3826127265871911,-1.589267557051392,0.4395057562982585
-3.023341439739148,0.2121031718449984,-2.1807758452405013,0.3171417529110385,-1.5141018876192835,0.3216723508610196
-2.9677379253417837,0.2847585783227163,-2.4676584925406813,0.418868648344854,-1.706043396888962,0.3808860420368005
-3.090232306167813,0.1423472760889784,-2.652069807902196,0.3814327103122985,-1.8184197631112664,0.353693331267027
-2.9677379253417837,0.3251918125616883,-2.2701249980205227,0.3746769312819228,-1.6304804205924204,0.4016505257477943
-3.055080661867739,0.2549338486827071,-2.524084626991986,0.3101166082309288,-1.6695925772881872,0.3621040246009671
-3.2905267314918945,0.2699964311524381,-2.4181417132227403,0.3750476565476882,-1.7006964611109074,0.425690874833971
-2.7214307614823623,0.3101012504079677,-2.175402063676397,0.4199177554613224,-1.3500498287841278,0.4817522734816424
-2.9200279443620203,0.2721001583906046,-2.2144185499958327,0.2985957503355994,-1.6118251211466297,0.369372570411463
-2.7214307614823623,0.4521301361998091,-2.2086355582342136,0.3949256083090773,-1.4538063589405747,0.4229859537796825
-3.2905267314918945,0.2700035688475619,-2.589913682701567,0.3283798570589445,-1.7928306937637517,0.4405897357788623
-2.7617073069507776,0.4300963349235238,-2.34947314927121,0.4483629925812384,-1.6595749061702605,0.4123982691488259
-2.823516371236462,0.4730413176360782,-2.1700903775845606,0.4693794906320905,-1.5589847061722562,0.5188960045720046
-3.1746835274550755,0.2700071728615602,-2.5363960132149588,0.4425571912745942,-1.918876226216576,0.4407090479056123
-3.129674664674361,0.2700093443948883,-2.794375868781041,0.3623577986533453,-1.9349209248873929,0.2753294130040172
-3.090232306167813,0.1423472761037539,-2.408915545815461,0.2977045187078129,-1.7223838902526911,0.4261679461069439
-3.055080661867739,0.1916744287378732,-2.549104283706182,0.3536536319418606,-1.78661336549347,0.4505957512519677
-3.090232306167813,0.3608426877827634,-2.382404342382312,0.3639749145631185,-1.6497210636833617,0.4083408490037624
-2.994383558342588,0.2900371347311666,-2.3339183061836266,0.3585074714542923,-1.546433122256748,0.40837744270423
-2.994383558342588,0.3140305978214223,-2.244503873165393,0.3621740265749249,-1.563223646866276,0.4010518458804393
-2.994383558342588,0.351565154339819,-2.2903678778552674,0.2987916803599447,-1.5141018876192835,0.5298805567767797
-3.3706171843236503,0.2699978294125482,-2.478327289170969,0.3725437355654799,-1.845258116755501,0.3064912023062628
-2.9200279443620203,0.367864962780126,-2.34947314927121,0.3708020043374027,-1.7743819103449574,0.4313088596979051
-3.2905267314918945,0.2699964311524381,-2.283515855137193,0.3273836844430216,-1.6448536269514729,0.3059798299533081
-2.79128021044411,0.4317108802018538,-2.202925499895092,0.4512716852253227,-1.4574217385976511,0.560367480389823
-2.823516371236462,0.4280097598838552,-2.2701249980205227,0.508141502527253,-1.5505898754088914,0.5778143644200548
-3.055080661867739,0.2549338486823726,-2.6197277098102454,0.261512621909111,-1.8184197631112664,0.4003288705843193
-3.2905267314918945,0.2700035688475619,-2.6197277098102454,0.3271476686258563,-1.8119106729525976,0.3321682317252314
-2.7477813854449926,0.3440216701490401,-2.2701249980205227,0.4484975843653365,-1.5180571187364948,0.4976841565834193
-2.878161739095483,0.2895990950249342,-2.427578428974786,0.3713059270806761,-1.589267557051392,0.3353019403222889
-2.6120541412292777,0.46765542924159,-2.014090812018139,0.5302966843092516,-1.4325027208258116,0.5335842219417926
-2.9430461174127407,0.3889361415188965,-2.3656181268642924,0.3882838385423213,-1.8119106729525971,0.4311123697964696
-3.2905267314918945,0.2700035688475619,-2.5363960132149588,0.4010987504197826,-1.6849407678719144,0.3500490638624247
-2.9677379253417837,0.4610007129433967,-2.304403566359463,0.5172003548860382,-1.607247891900218,0.4883441025240989
-3.090232306167813,0.3837899262568524,-2.524084626991986,0.3604312243720237,-1.873495453369492,0.4758097508641344
-3.023341439739148,0.3431834609051476,-2.4676584925406813,0.4145952303930122,-1.6797806567981286,0.4034503032707515
-3.2272184259631564,0.2700052426835365,-2.524084626991986,0.595566200422069,-1.8881933369885056,0.5576588142228146
-3.023341439739148,0.2121031718443058,-2.341624910132738,0.4011445269424907,-1.5937144779287948,0.3747580151671922
-3.2272184259631564,0.2700052426835577,-2.4892858647872385,0.4266271093831274,-1.8054774570971484,0.3602089161405071
-3.2272184259631564,0.2700052426835577,-2.399889984291418,0.1874852009080077,-1.6304804205924204,0.3194079481479152
-2.898460116549513,0.4384411539687742,-2.2903678778552674,0.3375413809297487,-1.621082250852408,0.4723234072010912
-2.8408037178631944,0.46637937713574,-2.232226451790637,0.4083106334832374,-1.5761119739866587,0.350257230461121
-2.9677379253417837,0.3688017273708376,-2.4372364082100915,0.3230336912889003,-1.7114395577093575,0.3156436167569283
-2.858984164393865,0.3055982060213074,-2.175402063676397,0.4152324034279706,-1.4290147292651425,0.479487299624096
-3.055080661867739,0.3903206282711022,-2.478327289170969,0.4675073034036618,-1.7624102978623897,0.3030165324624565
-3.1746835274550755,0.2699928271384398,-2.427578428974786,0.3003548081871994,-1.756518004011915,0.3939654590283092
-3.023341439739148,0.3927148588359114,-2.3656181268642924,0.4213763489735207,-1.6448536269514729,0.4430028295200763
-2.807033768343804,0.4175423082397531,-2.3656181268642924,0.4478634417938227,-1.6645628612027217,0.4545771246213611
-3.3706171843236503,0.2699978294125482,-2.3574688291357644,0.2804929777058116,-1.706043396888962,0.3024752383865539
-3.129674664674361,0.2699906556050905,-2.500551793049049,0.2394809774956864,-1.8250068211464032,0.3288135760359272
-2.7617073069507776,0.2599037101749446,-2.053748910631823,0.4110747282026692,-1.3376823713208827,0.4653714965424944
-2.9677379253417837,0.1793532595276828,-2.4181417132227403,0.2758680940795318,-1.6027040905517569,0.3813337937176455
-2.878161739095483,0.1513484524019968,-2.2701249980205227,0.3454225934865976,-1.5674908641334402,0.406863003021635
-2.8408037178631944,0.3165895023033024,-2.341624910132738,0.4626510290394912,-1.616436371115022,0.4229418114476255
-3.2905267314918945,0.2700035688475619,-2.427578428974786,0.2805224908951496,-1.654627902351078,0.2325425426391994
-2.9200279443620203,0.3678649627778332,-2.197286376641052,0.2265353312878311,-1.57178681650986,0.2745492340037636
-2.858984164393865,0.3358416770692164,-2.0705592889381768,0.3415430671289778,-1.42209043212232,0.3304668008303613
-3.2905267314918945,0.2700035688475619,-2.457263390205437,0.1595583646327021,-1.7624102978623897,0.2498105477533939
-3.090232306167813,0.295476968676144,-2.3656181268642924,0.2824710961155523,-1.640024850899671,0.4522590178969006
-3.055080661867739,0.4625228243393802,-2.399889984291418,0.312226528882278,-1.6746648890243256,0.4513477351184718
-3.023341439739148,0.3210561959903247,-2.382404342382312,0.2256609125161594,-1.75068607125217,0.4169094068266252
-3.023341439739148,0.2597963118047912,-2.500551793049049,0.2677231718438453,-1.744913081052489,0.226637793925287
-2.878161739095483,0.3152007770295117,-2.311595225503249,0.4827489425600785,-1.5180571187364948,0.4096381178525352
-3.055080661867739,0.4057218757393739,-2.250771713261278,0.3416363077996994,-1.5260396107882266,0.384070774240106
-3.023341439739148,0.2121031718449984,-2.408915545815461,0.4747420887169367,-1.7743819103449574,0.4442932657783198
-2.858984164393865,0.4151230579036998,-2.101466907363777,0.5311605215172223,-1.5062617232782445,0.5104385984261014
-2.994383558342588,0.5025129593601856,-2.399889984291418,0.5123690786708318,-1.7168860184310404,0.3932808060672529
-2.823516371236462,0.2972031935093688,-2.2973291519727392,0.3307514083936508,-1.5804668183993615,0.3941870912076898
-2.898460116549513,0.3123800585858046,-2.197286376641052,0.3515474561548324,-1.546433122256748,0.3872730813939524
-2.9200279443620203,0.4224195492519389,-2.202925499895092,0.3205984208689202,-1.5981931399228175,0.4596451775850599
-3.023341439739148,0.2597963118042581,-2.575829303548901,0.3250058881588378,-1.690146137527471,0.3379343441344037
-2.807033768343804,0.4175423082401494,-2.34947314927121,0.4286979662492387,-1.654627902351078,0.4362977119456857
-3.2905267314918945,0.2700035688475619,-2.427578428974786,0.3713059270806761,-1.8881933369885056,0.3653818125189511
-2.9200279443620203,0.3859203378460517,-2.34947314927121,0.4428105959304663,-1.607247891900218,0.3899692294231133
-2.602673493916356,0.4140530522241568,-1.9809221916174624,0.4677538257193704,-1.3017554426460811,0.4656255072746459
-2.9430461174127407,0.2548215305231781,-2.437236408210091,0.4113863481682668,-1.75068607125217,0.4392490950347059
-2.7477813854449926,0.3230974317785068,-2.186213350199518,0.3676692731969342,-1.4466320671589783,0.5032151516275408
-3.055080661867739,0.5075196707167764,-2.399889984291418,0.5068174785347221,-1.744913081052489,0.579471732777981
-2.994383558342588,0.2214539749313494,-2.341624910132738,0.2904589478971114,-1.4832801273356206,0.2479326219938195
-3.1746835274550755,0.2699928271384398,-2.341624910132738,0.3453630966925993,-1.7006964611109074,0.3440166816908945
-3.023341439739148,0.2941467624249138,-2.3263478740408408,0.4078938332906632,-1.5674908641334395,0.4663090068064875
-2.7089328488879056,0.4936780942865817,-2.1444106209118403,0.4783806378652329,-1.5589847061722557,0.4919844419857336
-2.9200279443620203,0.5422899055547216,-2.250771713261278,0.4840998525399209,-1.6645628612027217,0.4979887069696738
-3.090232306167813,0.4196695006206261,-2.4372364082100915,0.395034208061483,-1.6797806567981286,0.3842233895430493
-3.2905267314918945,0.2700035688475619,-2.4676584925406813,0.4477405645065797,-1.951479773475859,0.4096537616297157
-3.129674664674361,0.2699906556050693,-2.457263390205437,0.3399672093989694,-1.744913081052489,0.342575404877845
-2.898460116549513,0.4103183381006079,-2.226211769317175,0.4211281975945933,-1.5023761199558543,0.4758089328560199
-3.1746835274550755,0.2699928271384398,-2.4471272216841555,0.2981850568048488,-1.6448536269514729,0.3647166868734751
-3.2905267314918945,0.2700035688475619,-2.669342091792527,0.2077717879398065,-1.873495453369492,0.1732915081710867
-2.9677379253417837,0.4484895646123677,-2.311595225503249,0.4438637539397607,-1.607247891900218,0.549112929394655
-2.878161739095483,0.3923747160533326,-2.238322989184632,0.3111784897388671,-1.589267557051392,0.3923145657903051
-2.878161739095483,0.3461879945506299,-2.197286376641052,0.4838115230517585,-1.563223646866276,0.4636409183967819
-2.823516371236462,0.5284447763675582,-2.197286376641052,0.5979768743222119,-1.6797806567981286,0.5703033742752477
-2.807033768343804,0.4353671978329225,-2.14441062091184,0.3988127992607924,-1.4395314709384557,0.4506076891889133
-2.734368786533181,0.3612112430302346,-2.1545125352688226,0.363165530166712,-1.4757910281791706,0.4603691882077127
-3.023341439739148,0.3619705322826595,-2.391055785778313,0.332358919917995,-1.6849407678719144,0.2530679572021564
-3.2905267314918945,0.2700035688475619,-2.4471272216841555,0.3062200027110902,-1.8591914944718684,0.3972112992219923
-3.2272184259631564,0.2700052426835577,-2.341624910132738,0.491330539380861,-1.6953977102721358,0.482756192018633
-3.055080661867739,0.2963987728070481,-2.457263390205437,0.3332129557424081,-1.7683644242721612,0.2677243570859858
-2.6315354456974216,0.5621197469748594,-2.101466907363777,0.6224443703916439,-1.479525205080659,0.6036794741824703
-2.994383558342588,0.4325388808903086,-2.457263390205437,0.3880938955847133,-1.7683644242721612,0.5042077315153247
-2.9200279443620203,0.2235040478264979,-2.341624910132738,0.4793651754789801,-1.6497210636833617,0.4509076668532589
-2.858984164393865,0.3812807677426594,-2.232226451790637,0.4029985606667709,-1.5062617232782445,0.3826816733093282
-3.090232306167813,0.2419970344747335,-2.391055785778313,0.4096302666953314,-1.654627902351078,0.3960568233583383
-2.673787315472915,0.5369620462861845,-2.129656291587961,0.4888749967116985,-1.5761119739866587,0.4780715315394818
-2.878161739095483,0.3857109085833053,-2.257129244486225,0.434843195599637,-1.563223646866276,0.4828841222822581
-2.9677379253417837,0.2251114910237549,-2.341624910132738,0.3620197256665435,-1.640024850899671,0.3548137571565417
-2.898460116549513,0.4279050775088953,-2.257129244486225,0.4397374241887207,-1.5937144779287948,0.4858254236991235
-3.129674664674361,0.2699906556050905,-2.408915545815461,0.2669853554348343,-1.7743819103449574,0.3820792078224236
-2.7617073069507776,0.3534905459070454,-2.159647090722641,0.4974760837954012,-1.4870560802731696,0.4979125489084971
-2.6627715918599018,0.3377792305506524,-2.106050107856205,0.3832641819972887,-1.4152336548473603,0.4870730310384806
-3.055080661867739,0.2963987728070481,-2.457263390205437,0.3672380756956364,-1.7168860184310404,0.3051400735556179
-2.734368786533181,0.5647969321169005,-2.276769395604891,0.5721079157500935,-1.5381988585840642,0.5191231584896663
-2.9677379253417837,0.1793532595276828,-2.2973291519727392,0.481851097733258,-1.621082250852408,0.4816906173274881
-3.055080661867739,0.2549338486834384,-2.427578428974786,0.3276572389151501,-1.7683644242721612,0.4145048910091335
-2.9430461174127407,0.3576431494584124,-2.341624910132738,0.3672230877662749,-1.546433122256748,0.4354200944024557
-2.994383558342588,0.2900371345518973,-2.263579335593085,0.4294337953493528,-1.6645628612027217,0.4211382981042806
-2.9200279443620203,0.2721001583906001,-2.427578428974786,0.3935994463923185,-1.6746648890243256,0.4080308712650513
-3.2905267314918945,0.2699964311524381,-2.706483311904256,0.2950633397410143,-1.8316740304001808,0.209258687093944
-2.823516371236462,0.4280097598895675,-2.101466907363777,0.5147962210026906,-1.5341205443525463,0.5410958922111389
-2.9430461174127407,0.3162290045338006,-2.2973291519727392,0.3935418138895123,-1.6448536269514729,0.46429662509034
-2.858984164393865,0.4461048915538751,-2.244503873165393,0.3193120589947757,-1.6118251211466297,0.3784042010477606
-2.878161739095483,0.2746560838650821,-2.304403566359463,0.4267546766429507,-1.5937144779287948,0.5126174887699808
-3.3706171843236503,0.2699978294125482,-2.770327233352176,0.3758457613788042,-2.0335201492530506,0.2190418601205102
-3.1746835274550755,0.2699928271384398,-2.382404342382312,0.4517233861614957,-1.6695925772881872,0.4131639075227879
-2.652069807902196,0.5385413527976448,-2.04963563808172,0.5915116925535805,-1.464710203203062,0.5812578406512906
-3.090232306167813,0.3608426877827589,-2.500551793049049,0.3954165341502475,-1.7335385038417948,0.3240595847591292
-3.055080661867739,0.4625228243393957,-2.6045313646271944,0.2836021288659667,-1.756518004011915,0.3288248345809422
-3.129674664674361,0.2699906556050905,-2.437236408210091,0.2807882833675182,-1.7683644242721612,0.3916231875755416
-3.129674664674361,0.2700093443948883,-2.5622380757521497,0.3631135774355505,-1.739197665285252,0.3721472618481087
-3.1746835274550755,0.2700071728615602,-2.4676584925406813,0.3782902704396789,-1.7168860184310408,0.3706848050451645
-3.129674664674361,0.2699906556050905,-2.4181417132227403,0.3128966206301712,-1.654627902351078,0.4521465889365979
-3.662259930887701,0.2699996791318876,-2.4676584925406813,0.4459688191152577,-1.8184197631112664,0.4056729297242974
-3.055080661867739,0.2963987728070481,-2.311595225503249,0.2749054047083654,-1.616436371115022,0.3191900508218368
-2.9200279443620203,0.3073102182427226,-2.276769395604891,0.3305716897859266,-1.6953977102721358,0.3539441740029481
-2.9430461174127407,0.4214830191767051,-2.408915545815461,0.4158894030212837,-1.7114395577093575,0.4303637864320406
-2.8984601165495136,0.461578339978918,-2.3339183061836266,0.4494078568741227,-1.6849407678719144,0.4556866089276984
-3.090232306167813,0.1423472760889784,-2.4676584925406813,0.3610866610482043,-1.690146137527471,0.4538638994911129
-3.090232306167813,0.1423472761037539,-2.4181417132227403,0.331561917753292,-1.756518004011915,0.3364505522060476
-3.090232306167813,0.295476968676144,-2.382404342382312,0.4104608508828585,-1.7006964611109074,0.4724861859444045
-3.090232306167813,0.295476968676144,-2.2701249980205227,0.4508952529024473,-1.6118251211466297,0.4935562240734228
-3.2272184259631564,0.2700052426835365,-2.549104283706182,0.4252737783255264,-1.7683644242721612,0.4188134944360674
-2.9430461174127407,0.3978776937660491,-2.304403566359463,0.4416753698665908,-1.6118251211466297,0.495062849127047
-2.6968442608781262,0.5966409137376504,-2.186213350199518,0.5705718302633123,-1.57178681650986,0.6839802174833947
-2.994383558342588,0.2900371345518973,-2.3339183061836266,0.2587217044144833,-1.5220362417358562,0.362632498534172
-3.023341439739148,0.2597963118047912,-2.238322989184632,0.4264122403612223,-1.6645628612027217,0.3506175684436428
-3.055080661867739,0.2549338486822987,-2.4181417132227403,0.4093223085975642,-1.7114395577093575,0.3901851741103467
-3.129674664674361,0.2700093443949095,-2.399889984291418,0.3427814864542675,-1.845258116755501,0.3779956878661465
-2.807033768343804,0.5143750007199904,-2.2973291519727392,0.5147686203193386,-1.6352340153886502,0.6257497634315671
-3.480756404346212,0.2699989257037078,-2.7477813854449926,0.3133410185972738,-2.043530007439856,0.2911410580859956
-2.898460116549513,0.4103183381006079,-2.238322989184632,0.405911517313005,-1.546433122256748,0.4245035092095862
-2.9430461174127407,0.2548215305231781,-2.2903678778552674,0.3835113575418375,-1.6027040905517569,0.413221967617141
-3.023341439739148,0.43786104255664,-2.34947314927121,0.4516098687506948,-1.744913081052489,0.456386076002079
-3.662259930887701,0.2699996791318876,-2.5622380757521497,0.2343160999394032,-1.838423669247777,0.4283906340987925
-2.994383558342588,0.3668367237578838,-2.3739276238981604,0.4198626221022837,-1.7683644242721612,0.440178322777665
-3.2272184259631564,0.2699947573164423,-2.391055785778313,0.3608865522311458,-1.8521798587690463,0.3684443383920663
-2.9200279443620203,0.4224195492519279,-2.257129244486225,0.4818522330685438,-1.616436371115022,0.4341913864912075
-3.1746835274550755,0.2700071728615602,-2.457263390205437,0.2419909401817145,-1.6746648890243256,0.2890147580115186
-2.9677379253417837,0.2584231302474422,-2.399889984291418,0.2994956423186603,-1.607247891900218,0.36941410938666
-2.542698819399048,0.5287945814497061,-2.083562291864799,0.4950965440177633,-1.340755033690216,0.5786238807220626
-3.2905267314918945,0.2700035688475619,-2.478327289170969,0.3361982740228785,-1.7743819103449574,0.4528678399961696
-2.9677379253417837,0.4548995666248721,-2.257129244486225,0.3493371065087921,-1.5341205443525463,0.459016726830341
-2.776190335372457,0.2871832113766219,-2.226211769317175,0.3731801472825519,-1.5761119739866587,0.433947091662951
-2.685137375732938,0.4758826727506574,-2.0663017106958548,0.5973444321608784,-1.5141018876192835,0.6313374486633706
-2.858984164393865,0.3604838570227567,-2.232226451790637,0.4886628085026347,-1.546433122256748,0.4790358776448864
-3.023341439739148,0.2941467624249138,-2.3656181268642924,0.3797560652802982,-1.5761119739866587,0.3729505759604937
-3.1746835274550755,0.2699928271384398,-2.457263390205437,0.285133482050845,-1.654627902351078,0.341052160262782
-2.734368786533181,0.3529180470755129,-2.083562291864799,0.4320845786513437,-1.3786587286232772,0.5194332257722905
-3.129674664674361,0.2700093443949095,-2.6045313646271944,0.3829879538551878,-1.78661336549347,0.2619756947571653
-2.898460116549513,0.3249839352276089,-2.382404342382312,0.5362944020068866,-1.6695925772881872,0.532707756158263
-3.2905267314918945,0.2699964311524381,-2.437236408210091,0.2569802980965671,-1.7804643416920254,0.2739210879643681
-2.9430461174127407,0.1289250358876489,-2.311595225503249,0.2523306949522243,-1.607247891900218,0.3145878130680817
-2.9200279443620203,0.30731021824194865,-2.2144185499958327,0.4182174590876874,-1.5761119739866587,0.4716463142691606
-2.79128021044411,0.43171088020185383,-2.110677979232279,0.5419395799794484,-1.46838379824566,0.5435429041202089
-3.3706171843236503,0.26999782941254824,-2.4676584925406813,0.32746798015351203,-1.6746648890243256,0.3752620055632797
-2.7617073069507776,0.3628893003456319,-2.2202765609095434,0.40158603918582886,-1.4186537061727378,0.41378693105521164
-3.0233414397391476,0.3431834609050725,-2.3263478740408408,0.4560549214145526,-1.6448536269514729,0.499923121527728
-2.9677379253417833,0.17935325952768283,-2.427578428974786,0.30403680737440836,-1.78661336549347,0.28666239923593256
-2.6315354456974216,0.540804921804239,-2.191716272671173,0.5534376245266048,-1.5848518438340828,0.624508274899771
-2.858984164393865,0.47446018363770054,-2.2701249980205227,0.49498704944840755,-1.5981931399228175,0.46240929758293303
-2.858984164393865,0.38755087084505324,-2.2701249980205227,0.40390299436975485,-1.6118251211466297,0.44296027149914297
-2.9200279443620203,0.3218833023900237,-2.250771713261278,0.4267463844449289,-1.654627902351078,0.4863314047567112
