w_0,w_1,w_2,gamma_0,gamma_1,gamma_2
0.4220978949564767,0.3569242415416673,0.4153708873542083,-2.9710970363015736,-2.3929154653461766,-1.7214259013831232
0.5322110519277294,0.4070087879206946,0.4445587255762963,-2.935867073404722,-2.301242573935045,-1.6454038856989337
0.4326903890155689,0.4071748420577877,0.4914707521205027,-3.002372349886694,-2.3037795637477925,-1.6477120047827662
0.561815185895539,0.4241568145268905,0.3933234140404163,-3.004430500171994,-2.297774970314181,-1.625586662235714
0.6328809568086037,0.4806393242404629,0.4962950957883043,-2.808405433267691,-2.2706928668457955,-1.6065737852916275
0.3880290166906889,0.5139341207325518,0.5107006897041453,-2.9067445201282003,-2.1772975945784827,-1.5566668910832964
0.1418800074310429,0.3933243686887052,0.3868516993521647,-3.2263768323419004,-2.515524051304088,-1.7776435742238534
0.5547943896958529,0.3988829807658741,0.4619917071125197,-2.9749437421419453,-2.428588024065004,-1.706998811150399
0.4974062512638955,0.5076506852990161,0.4652393035559586,-2.9789042454234798,-2.338932275242651,-1.7089896894804564
0.3896419415906749,0.3801896221938983,0.4345008825827276,-3.0905712403190613,-2.4218073783953487,-1.7318494435600262
0.4515834588541986,0.4161621637188044,0.4871377008970852,-2.902066112497345,-2.3050506870583622,-1.5843882108146898
0.3834456131398213,0.3551599868470034,0.3590375899527277,-3.10045001535202,-2.417732146215113,-1.6874774195003162
0.4931758912782835,0.3256477354038744,0.3678040648338886,-3.0691966386176754,-2.505121092580965,-1.6665501978443036
0.4888148456879182,0.4345394511103315,0.3944351320596849,-2.921742575654934,-2.373825750987164,-1.7709330195789823
0.422959824360077,0.4269565104481291,0.4210185955738862,-3.07124147579256,-2.3235312531457537,-1.6957310523442022
0.4824638237796004,0.4289415666577068,0.4557504783261094,-2.886481129862367,-2.256627313441464,-1.570457015105911
0.6478471057038424,0.6054337004047866,0.6069174696370778,-2.6904262272384054,-2.069219774243308,-1.5172718497820117
0.5555083704995539,0.5228000599547628,0.4396004300496026,-2.8331993722402493,-2.2441462260324574,-1.5731028132671183
0.3715025943786868,0.4529192020239764,0.4342318535992669,-2.919800376756482,-2.394461414956801,-1.6880092530780586
0.2622349396120828,0.3981778425721101,0.3202954791537515,-3.0583787202850847,-2.473596864027622,-1.6973135281177862
0.5183134965784595,0.4905928203868716,0.4825543030852403,-2.839142923577121,-2.2915288146110595,-1.6207638539116704
0.3393249211736329,0.5204641547277408,0.4157195294549227,-3.09856137326641,-2.304191796231742,-1.734315339661501
0.6016135038000475,0.5789791423078693,0.503397540185045,-2.7247111033973885,-2.101056613101174,-1.4842997194159486
0.4297372648024853,0.4576725509600472,0.4013180847144482,-3.1390400602665776,-2.43828928733269,-1.8122073464282051
0.4634501075343171,0.5088453598907343,0.5636949010434618,-3.06170765485226,-2.3374634069597398,-1.7032042060507804
0.4821111994964731,0.4183185073665602,0.458517114712794,-3.1248420603149287,-2.517266890483352,-1.7590292338432518
0.4265754991908709,0.4279516683769732,0.4660823501933955,-3.091074660911326,-2.357451478809785,-1.6533793188136512
0.4262179863404998,0.4128859528175482,0.5267688400276014,-3.0088715773750545,-2.368639907717378,-1.642737699512409
0.4185708513505569,0.5033208557548898,0.465181537976134,-3.093769526010665,-2.265086420844896,-1.671651990988029
0.3262624642384885,0.379304188311436,0.4532753803685578,-3.2447043926464065,-2.3781318090853665,-1.7513680789733523
0.4120485638144365,0.3487791128724193,0.4630475684996453,-3.0832054868349696,-2.423844302240002,-1.6641936024559083
0.4279588626727836,0.4643218413371001,0.4596038052653853,-3.005119231620935,-2.293980795648377,-1.6257604140329738
0.3662208135743816,0.5004665058084939,0.4539895236591336,-2.9908734484783728,-2.298849874746069,-1.6755358949161676
0.3998406939447005,0.3709993664191609,0.4609126168372616,-3.044963608593537,-2.320955467093488,-1.668308631713851
0.2035251630682954,0.3535894984909505,0.286721866659031,-3.2565628303859344,-2.4638440747179247,-1.7033303254287215
0.4345670201085912,0.398341992031993,0.4259028524947839,-2.938550299285401,-2.2769562888028587,-1.53656764608988
0.5355407733814919,0.5517564488269645,0.5602087837319207,-2.881400288779504,-2.321405333915127,-1.7705772914894684
0.4809997066396112,0.3306209739017773,0.3687045064871991,-3.0447374599431067,-2.411461165185841,-1.6925087809550532
0.3534291409687895,0.3798583176023366,0.4382807929334869,-2.8259317039876715,-2.286845044665969,-1.6157767845449484
0.4039957083322031,0.4341624918269541,0.4355991842347238,-2.9529493301059757,-2.2997636186420904,-1.7012132842877288
0.4007324547968215,0.3418273046187665,0.4058289803413164,-3.1741524196327875,-2.38452552546726,-1.67231752704256
0.4732868070456483,0.4774142292920756,0.4662991328769626,-2.9255382459214823,-2.2518063252730824,-1.5763036183414678
0.4508566831775421,0.4072233079513203,0.3989524272485665,-3.058798122362751,-2.32187738966417,-1.6630898983786953
0.3985472402779461,0.3094476824507837,0.2756968504968198,-3.159903209882988,-2.427247783647577,-1.6546034512656504
0.5177299481558102,0.5032406250507753,0.4461063267530832,-2.965590659916385,-2.359878008062669,-1.665946135281066
0.5006172344285094,0.5136744959086639,0.5378863426602473,-2.965454493478365,-2.25908426945364,-1.586959202976882
0.4245687875603779,0.4126376866180371,0.4651924419956825,-2.8930614001936545,-2.2481039609217675,-1.549896946467758
0.538479167577833,0.4361787402040696,0.4507403534650072,-3.080012416260767,-2.4035796537392984,-1.7172986467435711
0.4383224586193534,0.4501060035866809,0.3515766718911345,-2.994143153078064,-2.364330646858867,-1.7035127232328229
0.3865673089436779,0.4445451556341761,0.447026129107638,-3.050172539560782,-2.374889428859853,-1.7375554472746753
0.6321075677485416,0.5209160952678688,0.4858132612646416,-2.864921018454704,-2.303121091550686,-1.518044548387064
0.4985442594023404,0.491501894531524,0.5093881968894238,-2.824816911970675,-2.1748058339639336,-1.5205798404574382
0.4823014247133073,0.5064498860481436,0.4368801456732205,-2.9695605932857854,-2.3207706323007717,-1.6577560948445829
0.5325801495353362,0.5515923636538766,0.5359958303896218,-2.9075287078410983,-2.13094045794536,-1.52018188723737
0.3134763700422832,0.4320285103718508,0.281757288436787,-3.030393109038748,-2.401772429415172,-1.6996762888430152
0.5402340229526538,0.4243679669067106,0.4872192560100656,-2.9337306351700363,-2.4196266616565865,-1.605533123260359
0.5952680578327073,0.5336764016360966,0.4371771737021492,-2.8094917822570658,-2.169769157608735,-1.58528403630075
0.3410931528374099,0.4329338999750834,0.3856636701412955,-3.0313674244248543,-2.3701303226988086,-1.782981468594783
0.3722401703076012,0.49898581963348,0.5298369845168978,-3.034074380352613,-2.2585786267276435,-1.6218338186052053
0.3318453462540743,0.4235547766588779,0.4296810372329322,-3.0227060939165376,-2.4626819061949825,-1.7375099011750992
0.3144729178152797,0.3352127537036133,0.3267019231075577,-3.124029681972049,-2.319304298359666,-1.5837133002596016
0.504141224076431,0.4751576795215201,0.4666537325841718,-2.914241565261385,-2.2836927249418046,-1.6229666573248234
0.5874850064996697,0.5356902233398148,0.5504575635091377,-2.8084561196855087,-2.2687720254793997,-1.553001059753165
0.498010380136329,0.4419214287447897,0.4780927112956214,-2.96926666264022,-2.240774211058696,-1.595124524088756
0.4805638772328487,0.4475650729241269,0.4416849742745132,-2.869371854727555,-2.314108937343989,-1.5828990069598745
0.4053317713493296,0.3421749379163711,0.4015342928568916,-3.1723339046397574,-2.4847153674993794,-1.7187378895841023
0.5011836299691247,0.4159305478212171,0.4296931807613219,-2.814882720404168,-2.2159004131771685,-1.5001640469084063
0.4460070573580227,0.4249138566290537,0.4338615330633697,-2.9043352407901675,-2.266234221282509,-1.562028018229193
0.475158906699422,0.4101484284585212,0.3958236723298033,-2.8259167531113167,-2.164031489741429,-1.471121205058315
0.4185449250593833,0.4318529282087786,0.3986655043204543,-3.070558187079832,-2.402945545512049,-1.6860041647498416
0.4605690163976577,0.5615989898297883,0.5886348782138936,-2.8317686050829547,-2.2319710531703447,-1.495595688855713
0.466112843462609,0.3473824383115049,0.4384860834102755,-3.016226137624084,-2.3562930235519906,-1.5931309512026546
0.4850309327918229,0.4715731443406195,0.4737809346372444,-2.9706869849939226,-2.393301266385281,-1.7543235617175132
0.4326322578741611,0.5701174380741001,0.4598316194153727,-2.924108959400464,-2.3127063953815887,-1.7091639753609846
0.4427455004230416,0.4281231660986452,0.4388854459689396,-3.072631684187209,-2.420806977740246,-1.688770011786062
0.3401497775027477,0.4663670262279179,0.4916437210391411,-2.9316004211397373,-2.1850253713979666,-1.5178953573845588
0.3278326948233898,0.4695231009899765,0.4363907107885341,-2.998245895011287,-2.2493291920015377,-1.6218332458434297
0.4394471216651872,0.3810697074217907,0.4781653662226352,-3.250921438636982,-2.4934551189669585,-1.7023748084078052
0.4830442265240726,0.3470470974317432,0.3962825279092618,-3.085937451454769,-2.411932287686568,-1.73725965645303
0.5575192024641089,0.5058912733157438,0.5134825853047823,-2.828227902080382,-2.26696130024358,-1.6075511363624049
0.4171309976097479,0.5183484290248518,0.4738505049935165,-2.93719211553888,-2.26214438006118,-1.683260591612015
0.3595047390141461,0.3164761685154909,0.2494967823030923,-3.0693212992206083,-2.429394417527395,-1.7550983545148946
0.5094859521330461,0.5967091081860499,0.5361248940412568,-2.7864350619578704,-2.2002158168957027,-1.5819558580100097
0.458694586212269,0.4453278743242916,0.4122514674591796,-2.883449170243092,-2.2904630889351565,-1.6752686963344567
0.5894670407376373,0.3168545239177399,0.3920572446232833,-2.986206947015968,-2.333793212343916,-1.5892518941510123
0.4384497369291848,0.4595157527952661,0.5205925680984902,-2.8307898417141537,-2.258980219890093,-1.5279818297296714
0.3820002295831843,0.3979427808527773,0.353490922010653,-3.177872154167469,-2.389548278651014,-1.7099545396961249
0.2868116762377166,0.4433424592586927,0.4149706599158681,-3.1081727705467936,-2.486044368084513,-1.8250866110845407
0.4286669543089305,0.4522879744570237,0.4799878855969864,-2.995975185400852,-2.283343296700217,-1.6036721955427864
0.5993978016129913,0.4520962463486204,0.4122765592635533,-2.9293243734714234,-2.401577620669841,-1.6709262887943666
0.5840584065954392,0.4139609394005333,0.4665517580175611,-2.924502658266871,-2.387371035988195,-1.7046645503554487
0.4791944307383252,0.4283569648094218,0.5181979547273506,-2.91008019138443,-2.337892111759186,-1.5940509701791086
0.4245929528086007,0.4844036277370129,0.4129717089576563,-2.860085535706992,-2.2686410613723638,-1.5243712315547175
0.4475559154976374,0.4759316686690632,0.4382651201731208,-3.0314250469803574,-2.365870405402573,-1.7413086938078235
0.4299955481751659,0.4145987011555646,0.4463136635913413,-2.758400229558318,-2.2955140947341075,-1.5989779929214027
0.3571059680253795,0.4185695042141732,0.3450450926421831,-3.149147763769274,-2.531320712205676,-1.7823619851889971
0.4655398446878715,0.4565955022600981,0.4870845989467573,-2.964705191694739,-2.230024475414472,-1.6101383224048842
0.358749043584614,0.3627505236903542,0.3032797651857816,-3.1732504288884567,-2.400177968365288,-1.6475480327422007
0.4966721269405876,0.4708629991185229,0.4734707574147594,-2.8153602816337755,-2.166009637343214,-1.4788991964376144
0.4921234285953508,0.5468295690409825,0.451419692063951,-2.973851553897161,-2.3491973361440555,-1.772747029392569
0.3195628869589427,0.3513867373984443,0.3661014321474943,-3.067634991272742,-2.4499095195766,-1.7397938387787848
0.4229739275327767,0.4018055670161793,0.4022079074694346,-3.2602157323086374,-2.397141125386256,-1.714165870560106
0.4408568314688378,0.4199281057154103,0.4473336714229747,-3.08482267102544,-2.4162727511686586,-1.7280604797442305
0.5217235088246435,0.4927747703149602,0.4588765885028915,-2.8105723711429347,-2.154231489198307,-1.5680367419901422
0.6553809436319655,0.5106502501980267,0.5508854511363946,-2.7871244566104005,-2.2238254960325405,-1.5083465838733974
0.3557896434436115,0.4305241413917061,0.4141421167454902,-2.972308102808695,-2.327481398328674,-1.673760577248527
0.3485748975463936,0.3613547069490872,0.3795364413215141,-2.930796666442104,-2.283150158968303,-1.5865597557691116
0.4892650859829504,0.4497874986260257,0.4401173032337465,-2.9851496816356,-2.3553291526151594,-1.6219635091775797
0.5661610560953301,0.3880235671517348,0.4570094321103536,-3.0625412012695703,-2.4519360077788668,-1.8129123530292144
0.3655096884297519,0.4366022630061401,0.4754412636471655,-3.059561403204255,-2.284405374569987,-1.7035559269666831
0.4438548585087962,0.474400485567164,0.4790445326954537,-3.065068842948419,-2.384990380898778,-1.734323671202026
0.2444111336030423,0.4345903635686345,0.5039084080852902,-3.146999687847173,-2.34239529789718,-1.6586425260032929
0.4397966894292372,0.3568206882009879,0.3501630508138689,-3.02035481530207,-2.3075111814266824,-1.6748051375662645
0.4502524645850593,0.4307464221643811,0.3774664477777605,-3.149629998810643,-2.311511205829888,-1.66517257761315
0.6376206361110057,0.4099818942869211,0.4421634408633929,-2.9594026761320804,-2.4150308122758,-1.7055867571571055
0.3387627033337367,0.3720135587631728,0.3782895888357631,-3.022798579903546,-2.320947986697471,-1.618711816164512
0.3021079241001724,0.398971635462568,0.3266122446296178,-3.083488922499578,-2.3874736715788494,-1.6918955336937689
0.5169366717115554,0.5532834551265693,0.4980536117297467,-2.898573012385467,-2.167627479672152,-1.540094923336118
0.4331640827994764,0.4131357420998033,0.4124809794341504,-3.1402633765011942,-2.472606081352671,-1.725926824347434
0.5724741618530774,0.5333968005730869,0.4575537245064378,-2.83998714794823,-2.2068169918806158,-1.6412728052282146
0.4780723425384311,0.5328296886564161,0.4400205363071793,-2.8805198945261528,-2.3192199219987577,-1.5727774230652227
0.4595016376626452,0.4785694715535268,0.5677336500249557,-2.862256792653824,-2.2483050342763646,-1.5909466259561629
0.4557004721062525,0.4305633737923389,0.4310081387728969,-3.043873393127438,-2.317629356629841,-1.7175728200977949
0.5358495173641674,0.5440999361409707,0.5144957308572526,-3.007288126010132,-2.3460834369606456,-1.7155799604591595
0.5535146602604029,0.5509392768920938,0.4800656350669183,-3.1759237406186567,-2.552176834343844,-1.8995445315197192
0.3944718785056013,0.3944995402689771,0.4638602920209915,-2.911685390100618,-2.2356445119313983,-1.527742783416292
0.3725403610906911,0.4693254130568411,0.4857478652165175,-3.072030668514514,-2.39249712479084,-1.7530277727361443
0.3334701546330956,0.4743461642828791,0.4662776461549858,-2.960399393609815,-2.265929415770393,-1.6146905150833426
0.3802284493329987,0.4510072306194119,0.456243875191688,-3.0006071213280463,-2.3358684667957905,-1.6067621837244477
0.373541333988365,0.4366309301229722,0.4662158860442537,-3.0517439371632964,-2.381660959137542,-1.667286650621858
0.3856409667972954,0.4368998230088946,0.4309114864123962,-3.059677623933272,-2.452131745022172,-1.6796285575458925
0.3916872614030075,0.3962088875874225,0.3723380150883595,-2.952939078529859,-2.2931866644183545,-1.6529189561205415
0.2261486383920471,0.4483864964047291,0.4620642442970203,-3.1337424262669025,-2.383468592126249,-1.705565716350826
0.3989025655194369,0.3790876698084849,0.4451335527850055,-2.903189212197409,-2.264101836359272,-1.544729910912911
0.4118833886591657,0.4005078212718214,0.4334087008554715,-2.908717476317291,-2.344369202237312,-1.6465066477467314
0.4612506373070258,0.4466170712833246,0.4011221362482707,-2.835384163822521,-2.168886737651021,-1.550462246842936
0.3621942692300802,0.4510317228409828,0.3580675029618311,-3.0298041823738906,-2.441268678748646,-1.7482335338035744
0.4959010135704083,0.3389229407767907,0.3928820363908041,-2.9861022887306574,-2.4007070567182787,-1.6589653619567424
0.5015766564000987,0.4724511327616421,0.4683748080299957,-2.8572991423358567,-2.257002732285138,-1.5898008445592802
0.2233641185146981,0.3823044607838414,0.4133842518040264,-3.197710499477925,-2.45755325541914,-1.7818078700518478
0.4373746796530557,0.4079010702783369,0.3820867416255213,-2.992314050747063,-2.3275932815775464,-1.6791289084121357
0.3198483908723482,0.2443204223979135,0.3502312826393186,-3.0400775148637367,-2.400834695932259,-1.7074902041859703
0.4422098558731661,0.4099135164409539,0.428648660112026,-2.942971604275628,-2.320534840377372,-1.656459586074054
0.5186987736453338,0.479860788186613,0.4650753566129472,-2.9043969691107114,-2.348501151875096,-1.5960149101230965
0.6336426942563663,0.5518437394845092,0.4853764708983407,-2.786464553681148,-2.2362088758294503,-1.5495280656772832
0.4227471363207918,0.3125038231157455,0.2974317410280797,-3.189573452683365,-2.406786263324071,-1.712133667197644
0.4896642863911118,0.4955739504523465,0.5247279271900883,-3.025848549361134,-2.3615756293801846,-1.7171565330571652
0.5483130064748638,0.4720841052861783,0.4754531475936708,-2.819522248684238,-2.2355739381616457,-1.5326048147469116
0.630001345425441,0.3943434601093918,0.4660515390662721,-2.946197154580372,-2.292510733395688,-1.5792464746503942
0.4434343064979276,0.4739850489150767,0.4312187247547304,-2.833188652254341,-2.190808622142556,-1.4717425434196745
0.4119278391485347,0.5003840023168944,0.4983240291695632,-3.127399318492707,-2.3924824049088325,-1.7576190778199523
0.5011644211992854,0.3709869260692496,0.423512924795643,-3.0317770084920004,-2.373309307307533,-1.750927028479765
0.3687681587212815,0.3432292104335683,0.3149969018494509,-3.1133212256150578,-2.5149852659059486,-1.7879192446549372
0.4559621574315859,0.4210920992883779,0.3878913905706617,-3.227694764440607,-2.4726490867853936,-1.6326554532791049
0.4444825567686992,0.5137179467294087,0.4082725658762171,-2.955236134166588,-2.359437142237584,-1.6276947557319614
0.4020624176681395,0.3428274575281828,0.4189947936103186,-3.1245896071981245,-2.569687162073162,-1.7904312585209232
0.541903872049068,0.492116720017021,0.4997155349196483,-3.0427791244275126,-2.2957483563286454,-1.6449570712738255
0.4788219809390879,0.4158536284806574,0.5110860044285125,-3.081304594309399,-2.381411370833629,-1.7534892105573638
0.3186265647129043,0.462741145107661,0.3971975971258293,-3.1384308923860877,-2.4817543951138217,-1.7029164380704993
0.4358846391632981,0.4639561355205225,0.5232821441614357,-2.8839557154327013,-2.236595185295123,-1.5427538197029045
0.4953750730224821,0.5409919027358097,0.4906962345717063,-2.890746656125454,-2.3054354524259177,-1.5854842837118874
0.4648803019340107,0.5188278262037893,0.4233783984337407,-2.862027466606948,-2.192463859871239,-1.5532178228042512
0.4760440462572001,0.4418793469455049,0.3874720750307323,-2.9535966202545043,-2.282521895571616,-1.6407676994914868
0.4489320422437606,0.3828433796528874,0.4101207120486485,-3.2333854478622017,-2.359995301012527,-1.737847996272513
0.2229216478668621,0.2694115398387541,0.3591878670352135,-3.110162770667936,-2.4329222043600707,-1.7641706773161037
0.5463918264348875,0.4241819244288896,0.4995021465062334,-2.8196186883705403,-2.234565234860478,-1.546438668629008
0.4988256477458085,0.349008938763018,0.3997357424244802,-3.044414881240751,-2.4382534529687363,-1.7112993566972583
0.2694744762363065,0.2566771301837811,0.4044425701191963,-3.103438948341835,-2.449401179929114,-1.749876984488862
0.4667223125987122,0.4511399162971477,0.4469561226998053,-3.02265442757617,-2.3698131897008765,-1.829666999572677
0.420719104514005,0.5010612210610832,0.4313346491994571,-3.02796787585603,-2.402968379998457,-1.6754755431551016
0.4992622360840677,0.552419205338554,0.4168874069203301,-2.9345333509942586,-2.3700450240788324,-1.6571978714924502
0.485518220273683,0.4171717157423153,0.3901411303627586,-2.781783350373372,-2.261645509732798,-1.5937695824358065
0.3942294030700963,0.3884096614659411,0.4116006969165401,-2.978324247184551,-2.386968851288742,-1.671839847750535
0.3979981419853624,0.3669274882313406,0.4546656035928687,-3.0421059319759136,-2.2742136892974107,-1.6427646320969311
0.4540705711500729,0.3929258937355061,0.5291446936771727,-2.866359145884806,-2.178879436439036,-1.5138839487234168
0.3858846596486968,0.5034632866763009,0.5017948297564041,-2.9612183168716384,-2.3212968404633547,-1.6908367610966812
0.4944669223678664,0.3614562705328005,0.3755553055355044,-3.0127910457107987,-2.3638244473176884,-1.6869494217968175
0.4477143541620514,0.4643272493971254,0.4415672323226187,-3.0642660323977533,-2.329368749020773,-1.7307483341319887
0.4984036131257999,0.3849590606582011,0.3768256510572114,-3.04584326994642,-2.4353635898967787,-1.7030134749821226
0.3849092284289777,0.4252510739093446,0.4402526109675352,-3.0215140884423506,-2.260533910754232,-1.630218573559422
0.4360877622188071,0.386417306148664,0.4833393043923567,-2.9751409637350075,-2.354471760089941,-1.669706457965804
0.4699964546784813,0.4194818720055844,0.4051973412255302,-2.806358279852605,-2.1856586660693056,-1.496911676631486
0.2734042211435888,0.3968528722533453,0.3736815648953768,-2.9319183857001705,-2.3179955639069747,-1.6080829264459673
0.4903456082301352,0.3799501438696253,0.3837389649886545,-3.066284215801204,-2.436416420295592,-1.7020500725964225
0.494376290339341,0.4552908604598784,0.4295271499180874,-2.986550141811347,-2.3953918909414176,-1.7219046459466647
0.510128279465177,0.4193508038031817,0.4524651476401471,-2.8832100347609764,-2.2528276246759305,-1.615395261303816
0.3667803005076556,0.489491041875155,0.417024270658051,-2.952553441011496,-2.2673274542352337,-1.6083237114708844
0.4522281741487041,0.4609869027655401,0.4727235381078235,-3.089191693783609,-2.4109421907456228,-1.7214621124196072
0.4525115896370003,0.5855477013969814,0.4051904645793786,-2.8583654758456274,-2.2808307545403257,-1.6039738176988023
0.4089275956470486,0.4654130380100426,0.4639517712392563,-3.333712648241584,-2.5480525531226004,-1.8034762389400487
0.4294669051840926,0.4304314732634131,0.3927804960571101,-3.1410306790863065,-2.436202124680536,-1.7028888035847145
0.4917822976893811,0.456905338903271,0.3620699209063885,-2.9570646733364336,-2.227849659311904,-1.6241446802605672
0.2942370296454386,0.2126808717228295,0.3190314092754066,-3.287395701449821,-2.4944650427418025,-1.741721622337211
0.4590967502020329,0.5159507699756468,0.4140347306267496,-2.777767115382883,-2.2702339468546646,-1.6028355777973526
0.4392024152820711,0.4683933307718977,0.4523216604540365,-3.010411947235337,-2.3524372431377523,-1.6702236590659971
0.4045213144387287,0.4589970120550182,0.327653728414888,-2.8602825412085555,-2.255763914495912,-1.585439901561989
0.3533016916260439,0.4278868679319145,0.4869447631745854,-3.2048678311893,-2.4416873306818214,-1.7860571404159995
0.3961682290953099,0.362499274497054,0.361251545638626,-3.264153786664074,-2.512789649494049,-1.8419539637800684
0.4235378924578065,0.4665854771181089,0.4574764545231572,-3.055744209512446,-2.3775496385839703,-1.6438901423077732
0.5386616092302327,0.5258000283649894,0.4832287207654593,-2.827105418031258,-2.1732587031478743,-1.607000820190982
0.5131902381570197,0.5406012026434006,0.5305517288091647,-2.9561188332330506,-2.3063021482429007,-1.6885801168323054
0.5103652779136071,0.5023290280215893,0.4758255484545488,-2.938856813709717,-2.228457134567594,-1.5937603568424747
0.2538606504939176,0.3778878861558283,0.4819604955280411,-3.101232825610276,-2.235474400173006,-1.582378373023664
0.4002660779265095,0.4531108688879207,0.4054789701029218,-3.2139368298484063,-2.492016889979772,-1.8698063462189185
0.5107028997930098,0.4806574289657181,0.4870352920053863,-2.8255344560876394,-2.2804919789937994,-1.5845125912012783
0.4064524204483043,0.4269446040703111,0.4168746109002809,-2.9130326039223258,-2.283253959441633,-1.5660443604498964
0.4145110176063541,0.4384847079400389,0.477347385183643,-3.075171602068288,-2.42657956869418,-1.793202116719467
0.5458013270211816,0.4888434354670772,0.4968711920517935,-2.983997365015134,-2.2470667914677915,-1.6291570098190586
0.3720124315239441,0.3897883172875268,0.4234744995027362,-2.942371744741,-2.377862938492405,-1.6607659375452677
0.541809541248819,0.5147186391008634,0.5031678265727084,-2.81034922390699,-2.2503776108520146,-1.4945052077654166
0.4495807624314516,0.5175888074629736,0.4301852379526946,-2.9167027289431986,-2.2898170473867165,-1.612077115433105
0.3126410067058077,0.3947813237172358,0.390291437164378,-3.194681641259636,-2.5250561977179085,-1.801155444706584
0.6930985611635929,0.5993215237174846,0.5923049218370494,-2.9301860230425234,-2.245539387786234,-1.6599801255640223
0.4553506933904483,0.4322834599852292,0.430503222606773,-2.958454875448991,-2.2657692766500634,-1.6414465519596146
0.4342537655024789,0.4491708172767416,0.360334760712208,-3.1424956689999792,-2.465807443990066,-1.8772663045030336
0.325277420733516,0.4852447135480589,0.3960157688287049,-3.047820609080937,-2.38042250113378,-1.71743603376303
0.5499382089167207,0.5666389022882442,0.4763567916996392,-2.7994852387609352,-2.286998621254351,-1.613354844361258
0.4692397236276159,0.4449621390578329,0.4300581613625578,-3.011146733574877,-2.3084174613875903,-1.6192823125229745
0.4455378486637083,0.4685499828238302,0.5301131857904594,-2.87550686150005,-2.3037605551402955,-1.716715690021894
0.3824038127356103,0.4293145690249924,0.3647306741618688,-2.975971577530882,-2.3366285172163592,-1.630786618940826
0.1780708825271619,0.3866297227254451,0.3523588527897988,-3.1479099244373634,-2.5965883734626,-1.8311389301172696
0.3951920653296195,0.4010573271634144,0.4455397939765153,-2.861260606624169,-2.29031212862722,-1.551789207961035
0.3721625821817037,0.443512891146142,0.3922753941794534,-3.0569010705370188,-2.3312957011189868,-1.6286101783348974
0.3128898760024826,0.4224360582725687,0.3488210660238049,-3.006614959111113,-2.2934851305949056,-1.6691311255323888
0.5942928732133783,0.4604800306323458,0.4906613784788812,-2.9631091671144225,-2.325517117654456,-1.706026992874936
0.4849208514828719,0.4934992462605898,0.4978912371545217,-3.0091096663553825,-2.3414724686153874,-1.652724645223801
0.3638619981898413,0.4239225563511684,0.4527025053542747,-3.0836723007426023,-2.386558793640308,-1.6467878235840736
0.4452657937484581,0.4517604097297122,0.4602585876503048,-2.963458533026973,-2.363528911523815,-1.6685023005025772
0.5214916170393574,0.3907832983641292,0.4070215432971664,-2.9291534324269013,-2.247906782692631,-1.5415832069723272
0.292696604347283,0.3944762771592376,0.4620820785396842,-2.9858975388610616,-2.3453614592244723,-1.6023850156851602
0.481246411742965,0.406012648150554,0.4280687166858421,-2.9915642829460296,-2.372159362896221,-1.7006303889199552
0.4286167489400441,0.3655010921258463,0.4331304907831935,-3.0906488902850087,-2.424773288337361,-1.7029426378299872
0.3645713987636882,0.446728884106274,0.4589574649069257,-3.2177437827001687,-2.5096074588709225,-1.771003914544263
0.5210143419173353,0.486438132038671,0.5650873253892936,-2.9967867158722807,-2.3079244556814382,-1.6837888713608264
0.4331590672829554,0.3970334324369217,0.4492150563705915,-2.917150619618595,-2.2565005719344566,-1.5642982961383738
0.4388782506902189,0.4637493382629058,0.4198069419567483,-3.0070283357302934,-2.391437272037664,-1.7151200186239333
0.3411984305760566,0.3995766598329244,0.3757262633646429,-3.053455788775714,-2.3030964923189576,-1.5752867086214075
0.4270991277947376,0.4190642805374835,0.4092668760198958,-2.871452117236041,-2.330664512971258,-1.6283341927310246
0.3760503065313796,0.4001315453234773,0.4657540226913197,-2.8951608412972303,-2.267997405123303,-1.6852874314371578
0.4026077069333587,0.4927469981562498,0.4401140633485061,-3.054938692808734,-2.4131749340993456,-1.624316927957029
0.2986874805167589,0.2867482966410221,0.3687441826909529,-2.9497423672683136,-2.475320530023898,-1.6660262726568262
0.4516085884679364,0.4136025223796572,0.4901666907978994,-2.96024469789335,-2.3812454672980823,-1.6728995318824074
0.5408936511852007,0.511046339923213,0.498126562752844,-2.9472053507115863,-2.3374394784862966,-1.701803260824373
0.3254307118122272,0.3479098402932825,0.3862083487565667,-3.0844225766733646,-2.467750941190048,-1.6662324874605516
0.375725186753104,0.370724163056404,0.4533574978817325,-3.1878997147705497,-2.5098206909709995,-1.7343797750806988
0.5226376506698931,0.4868913197145354,0.484045569209534,-2.896926991190427,-2.2403063865710715,-1.6247132507369348
0.4443896016158208,0.4111642875075785,0.4834376937061562,-2.978129924029644,-2.26899054844006,-1.5521361342942197
0.4745652949213981,0.426949148639217,0.3806779305987116,-3.0497759414894268,-2.3924535877338613,-1.6996421892573172
0.3276676654423723,0.3763054559777271,0.3563567048626014,-3.1685522557943293,-2.513752771561824,-1.700928456410561
0.3799989815651753,0.4425588605609661,0.4699481637099349,-2.8798626747387845,-2.2199098248010656,-1.5891321286348912
0.3898364670121502,0.5504839353143139,0.4429313631349245,-2.9284727613681416,-2.340595914099016,-1.693892241118787
0.6236618464709214,0.5978977320372776,0.5025630426952022,-2.763403668328872,-2.2368428860783345,-1.5809243622382556
0.3673158617403614,0.4684198465879605,0.4323168827517979,-2.994164902201452,-2.350923903517482,-1.656586404842309
0.4359215511652139,0.4259844947632789,0.5018182882837721,-2.968494727416572,-2.254259456348637,-1.5535841791264655
0.5564893484120119,0.43534826848252,0.4124522991922819,-3.008485932316951,-2.5038364551306107,-1.7742395139787543
0.6057891576290849,0.4237842135579809,0.4846629107010202,-2.836625109166945,-2.2426867769719814,-1.5980670491795392
0.5138632742488252,0.4035549495598285,0.4034899645883447,-3.0125791048629584,-2.2965373877828443,-1.6638192778891792
0.4033073157579429,0.443577473040036,0.4435244052292068,-2.79231339446364,-2.1665145046719347,-1.5435910292067525
0.3925588883850153,0.4255613743980116,0.423539518038188,-3.160589753546366,-2.4016874315202847,-1.6477382861126646
0.5807655615983277,0.5120077763657785,0.4446023499190418,-3.03603506131624,-2.435368581136764,-1.676107208275782
0.4357769654762842,0.4654072512547966,0.5155546970681263,-3.047308333767734,-2.332270492274532,-1.631133118447856
0.5655180156660669,0.5252502267425586,0.5057070651471586,-2.959286807183143,-2.3338009228450773,-1.6250727381445695
0.3805619121912102,0.4178886336849168,0.4011780923261953,-3.009894182336256,-2.368677515676812,-1.63849144825922
0.4230092081864492,0.4754921013630368,0.4774688272088887,-2.8070056711368063,-2.275835615168748,-1.6472402027214037
0.4921934914376287,0.4191635798044949,0.4510325731963616,-2.9550952439675955,-2.269530184431272,-1.625490133165217
0.4909584975432253,0.4776120079811933,0.4944830849512182,-2.8481306492716145,-2.247855374407082,-1.652212841440524
0.467344490953209,0.410222171495878,0.463475631197765,-3.056472154660691,-2.34026671944334,-1.6635610211196148
0.3779782507299516,0.4323009160100408,0.4548781286798563,-2.980191047115704,-2.326499751680439,-1.5654290050798256
0.5005393656059781,0.4495953938749287,0.4029783443408133,-2.928101392976981,-2.311473730022106,-1.6154892093598634
0.4466115549608147,0.4152676682146071,0.4151922182758013,-2.910758699908903,-2.2324240619351614,-1.57945954111189
0.4125512224120063,0.4323593533027131,0.4333777227792021,-2.9621009339060334,-2.4032113208286003,-1.7528869634165087
0.3748446695528152,0.3470511510678218,0.4533526334908737,-2.9550641305531227,-2.315654226340799,-1.5756778724644482
0.4823281961042739,0.4517311210565273,0.4809422642036084,-2.9022952189695,-2.2389738080010453,-1.595102301646236
0.3484817268878635,0.3895951031037697,0.4349006267669508,-2.900560835212389,-2.2074575932669087,-1.494279243817592
0.3487465014027033,0.449257785524563,0.4275219112785153,-3.1608818214428824,-2.467325188529114,-1.775432267384305
0.3739352838006395,0.4461296901552556,0.3818785095354814,-2.8731193843098453,-2.297695227898586,-1.57906159115965
0.3330542954061494,0.4248397264332547,0.3913952585016294,-3.208271093050343,-2.3397690182759407,-1.6986624737974134
0.5272399361568706,0.5307706180507488,0.4758614682098433,-2.900180344811959,-2.335530214261349,-1.6254393143645918
0.282548908948358,0.3418684855148765,0.3003980863615014,-3.145616060174369,-2.550361755676776,-1.8048648851775164
0.5365374759415525,0.4258059863204566,0.4781701561052408,-3.070893210876491,-2.3867545396456924,-1.772081250527955
0.5738867452263005,0.4658599427955189,0.4598380259578963,-2.9377521089227288,-2.336088265353784,-1.6640936305648275
0.3036318163975463,0.3370421774010673,0.3856200281253268,-3.0836220559654954,-2.408056328734028,-1.657293388272966
0.4793376974926385,0.4227724890663688,0.4772222194273504,-2.9599224770651418,-2.3384458472600445,-1.6150823278128263
0.2602970065598151,0.4384401260192591,0.4049999213911555,-3.0171154518123404,-2.3367815917172368,-1.6199618577056052
0.5699108841039786,0.3993810641401539,0.4746199223310036,-3.0676555139277744,-2.4094995515695707,-1.6967972631704176
0.4206149813346775,0.4117012632030026,0.4877002539858662,-2.8963640047315,-2.247651062697205,-1.5200709602870053
0.4727081137237813,0.4017055280429529,0.4789631897413158,-2.949839067015948,-2.3278626237533517,-1.614618332683741
0.404746545871439,0.4932654511272637,0.4597576575550737,-2.9060576361556043,-2.232241714820306,-1.5912908617279549
0.5360750616633666,0.5193557532937555,0.4824672493091196,-3.005353802038897,-2.328748123119797,-1.6427212374839315
0.5565046667269269,0.4575615494304465,0.5241833908790117,-2.907978462707547,-2.239924777414265,-1.5292831425453075
0.3498451367275535,0.4404662021018641,0.4205380682896428,-3.068500151715844,-2.35543522935205,-1.7347318109975771
0.4973677721434732,0.4775909437451682,0.4682725068947901,-2.797327865361951,-2.220780726433427,-1.5170087870459856
0.6193174127917834,0.4520627900394494,0.468977787476385,-2.809685393491117,-2.314256079763048,-1.6019997834204691
0.4709467827169928,0.4947687894621294,0.4180751274193552,-3.0515179767733325,-2.431921928510133,-1.738286139533284
0.2778916054829704,0.4034365643185414,0.4467210806588815,-3.093647496059335,-2.449743810548478,-1.7593059960304258
0.3981936920811388,0.4196867327748456,0.3843928243911769,-2.98158857907782,-2.378555605051309,-1.6888313460065874
0.5339354109016616,0.4364057636547502,0.4016117037099983,-3.065069628661104,-2.3593880849816147,-1.7071274046131402
0.4790874865428743,0.43302319986973,0.450220692714465,-3.026111456618818,-2.340352147769282,-1.5632519943624594
0.4661404376277253,0.475656052994272,0.4879648166178063,-2.915254219082457,-2.2726804929246467,-1.611385429879722
0.3976977657496519,0.364361065051888,0.4278737913509733,-3.0417868919903244,-2.4029483712444173,-1.7103757964905566
0.5283970652898052,0.4263931021739647,0.4946587234333647,-3.05931209587994,-2.391037255796715,-1.6582868148077006
0.6499594459018965,0.4815168977464186,0.4511751234884293,-2.9265490851457017,-2.347000092137116,-1.7529976096871809
0.531918453717036,0.5560554975143396,0.5492943721885423,-2.7946914217569727,-2.179982097694771,-1.566683909892443
0.5203408838076815,0.4503147111324991,0.5036571694614208,-2.8017424890923164,-2.1886896830137097,-1.5460539092951713
0.466927499180967,0.4804212220761669,0.4666739200281692,-2.7777063288134887,-2.1959764495243603,-1.4842807562560214
0.4400163048807864,0.4550002438372673,0.4472242420250884,-2.826050568925785,-2.2188044874723816,-1.560970077423098
0.3891286224814605,0.3900175649714093,0.3811532686103526,-3.083842326530844,-2.413381671408844,-1.6678656679068915
0.4694210037372552,0.417240669369592,0.4515972056179576,-2.8550237233849685,-2.338210095648545,-1.7414782846035712
0.4107169544527763,0.4091678391789377,0.3843602862030165,-3.076577151990146,-2.455143853994904,-1.683182796705973
0.5397062436469608,0.4304927960331553,0.4666985700857135,-2.92805765339132,-2.27509281124394,-1.5951909963630702
0.3356354592097784,0.3602511650369792,0.3905443300840568,-3.008681686339997,-2.3121326145991583,-1.5990641905437593
0.432922360467536,0.4037610201985018,0.3863855732948247,-2.898576708883331,-2.401911740753322,-1.6335837391984065
0.5568021847409772,0.5237526376933321,0.5303503910635956,-2.743538826522252,-2.06339390370011,-1.491330630003697
0.4242222465115382,0.439150185823109,0.419409682333072,-3.027542591486418,-2.3734179889824856,-1.6369298249977282
0.4578742695287242,0.4449872653427638,0.4430523430574772,-3.0406503080554783,-2.39586303073464,-1.6242055032137028
0.360588739878812,0.5315987895356042,0.5085374992532318,-3.0040101551981744,-2.4201534540897462,-1.6970873178394177
0.6033065959305051,0.5151736523084679,0.5589957499335068,-2.7678371790864382,-2.212994617815016,-1.5428154686784954
0.4934804187096415,0.5020623295930654,0.4960621293820374,-2.7882365271651697,-2.209369975510822,-1.4736419418021882
0.3109483598985058,0.3391186231304817,0.3759898188997483,-3.218706114877268,-2.45756238359874,-1.7089041717750426
0.3185107568189433,0.4378265216038637,0.4847731607157374,-3.012250575160067,-2.4336286550953266,-1.7082285810823483
0.3899150880436366,0.3794834578428594,0.4030523048589444,-3.08160868410969,-2.469749408609334,-1.7349195970433238
0.5404592645718093,0.5806130609519059,0.5532587396466583,-2.7293889827891054,-2.160519093162289,-1.522005855063246
0.4097741574822613,0.4027650097240417,0.4100332032721988,-2.915423923662311,-2.243939704922732,-1.5472541700771991
0.3845874083331155,0.366192734748379,0.3996197482415003,-3.1908333203899413,-2.454073924755085,-1.8041180878708871
0.4151152495235533,0.4082951062553454,0.4752360395961307,-2.966708404793604,-2.305679326004985,-1.6493676100783818
0.3905340601139104,0.4189514730741636,0.4693770980058575,-2.950501241175693,-2.3427692017562904,-1.6125557437688285
0.4457687829883439,0.4938565574951948,0.439634534005255,-2.9947487700294944,-2.250803652764492,-1.6647324743997085
0.5067472929810046,0.4326344211350926,0.4008415415975698,-2.814039183684028,-2.232761903224957,-1.5597783015339766
0.4607589576205377,0.4808565821617452,0.4425032978890378,-2.917147822548305,-2.22143399676256,-1.5569586891197935
0.458546623798758,0.4437420542532167,0.4566588727411444,-3.01429699063769,-2.4691133792654743,-1.735738813877315
0.6255880376086229,0.4468449766271872,0.4668462366270982,-2.9744346512856463,-2.407150142153936,-1.731171252455163
0.3455697392528475,0.4975418205164816,0.4600958610185768,-2.994218970782516,-2.374137551206584,-1.7487128007047217
0.4816583553742222,0.4254775231345337,0.4448214786197286,-2.9694980186388515,-2.41210200779298,-1.674749011179952
0.4999865231092855,0.3908787188206827,0.4470163866212108,-3.0137139487008446,-2.3166691772655508,-1.570417072536355
0.3639275723459172,0.4010134952071525,0.4425128678832816,-2.975261069892586,-2.3336657300800403,-1.7003555951305291
0.3812091052031183,0.4422484918051819,0.4454964745013892,-2.871774095426894,-2.1995779164991083,-1.57730305245826
0.3955651555555378,0.4245949620920501,0.4055996796679312,-2.805929923555481,-2.1604517853157814,-1.4736374701392696
0.4343771288936542,0.4931760543179709,0.4319155911048185,-2.993894871096377,-2.3760798213041614,-1.7147460114049635
0.638797801208614,0.4297219717162902,0.4120227975067405,-2.765054353845932,-2.325454864548269,-1.5330444909754828
0.3617707470742926,0.424354279499097,0.3906838963440048,-2.923805135194795,-2.2990217614700854,-1.6200374082557951
0.7374026349146547,0.450292015851601,0.4618675426977057,-2.7113555009495345,-2.2492585785952133,-1.6435259714074604
0.3806652694200645,0.4571542289376216,0.4276595836599335,-3.194058226161118,-2.3929399954037063,-1.742336465687161
0.4468686477424108,0.4629189938438049,0.4326226618874185,-2.8870186883666067,-2.235700177560754,-1.5676421367310196
0.3719993680035187,0.4214786025019367,0.4185482204111876,-2.9446040838717766,-2.409174788738775,-1.66833138498343
0.4807167694628299,0.4495199155144344,0.4679393363219943,-2.787292859007336,-2.1555416801521194,-1.4504743928647983
0.3147525739668039,0.4553990649632984,0.4995229495709175,-2.9544967286482997,-2.2806801124838065,-1.5679282242242674
0.3908090143792986,0.4025960375345676,0.4901073873025499,-3.1823199764441705,-2.319113742289337,-1.7333488117585578
0.5345722946701617,0.3487054588828209,0.4033737699024139,-2.988028345805067,-2.522411350291139,-1.7456671318043318
0.482458200882673,0.5125044154985321,0.3959109469224248,-3.0567490190183406,-2.3822674371872075,-1.7642742435895054
0.5412450652976204,0.4772268231717719,0.4644696231200954,-2.8525221517663413,-2.2907528176963687,-1.6485374255611478
0.3416813028710405,0.3884092561236886,0.4589988727605676,-3.1280276877052917,-2.2700955839100265,-1.6203307047437017
0.4766613859318357,0.5010491047162468,0.4747062044361562,-2.881607383176537,-2.2066796270871625,-1.5289039633360184
0.4392696081389399,0.4066284823702908,0.4985426619320803,-2.864487022786376,-2.2481833324227853,-1.6838354555055255
0.4764301247941056,0.4841321273090874,0.4182303104536117,-3.025673628305455,-2.401230896090759,-1.6932984712822272
0.5513046164909688,0.327551420813356,0.4639334858622405,-3.0525336376755208,-2.437556397551905,-1.8066097118629787
0.4094549375935489,0.4716184136322464,0.4391597679045663,-2.8760821962412155,-2.2303402556987293,-1.6379722960890146
0.5644089527817624,0.5426230315606269,0.5437524620456305,-2.8337868433011595,-2.233860292411645,-1.5240870603042336
0.5450634944180295,0.5778017877852999,0.5379388041021534,-2.788180428669464,-2.191699197919913,-1.5922254576616477
0.4169921784354899,0.4288630330730734,0.4697284074815683,-3.008406249446671,-2.4076167523949343,-1.6779298748826916
0.298437430179656,0.4633245959742705,0.4482442948413473,-3.056753626119185,-2.3067404308876074,-1.6540797337931124
0.6977687210416025,0.4411446278703151,0.4699613310529553,-2.8490859168999387,-2.3221419736896816,-1.635719539771551
0.4619481748989082,0.4169674764628271,0.437941478107018,-3.016508491281773,-2.367467297214788,-1.7818932240369358
0.4542945229581291,0.3386407850403036,0.4331184952399396,-2.9479264192255203,-2.452247859974398,-1.7239321677361552
0.4144724299271927,0.4525904879856871,0.3663176571846784,-3.197830202136557,-2.5222866303293423,-1.773976789717246
0.4453711786928491,0.4513916386579014,0.4578592964427941,-2.913333962079641,-2.350965444324645,-1.6560984611418874
0.6449664347615676,0.5170534288441924,0.4734897023845567,-2.807728347991488,-2.2605815500061057,-1.5648005345167506
0.4755727486118148,0.4965080909989433,0.4216467363563745,-3.0831535018713327,-2.4585793349285034,-1.8546663477019432
0.650500986564677,0.3426143743824994,0.3634190904871081,-3.3357459014678983,-2.5891723197297942,-1.8594372695053611
0.5381523656978564,0.4454436206356069,0.3577699583955433,-2.854775286567943,-2.283700023419541,-1.7025119144291243
0.4512330649390937,0.4142426526877049,0.4738908483285444,-3.0564479013866777,-2.434508510281273,-1.7422932797831108
0.4088757901071568,0.4519120247359401,0.4297759406037763,-2.961129045651917,-2.442711572054349,-1.6478625422319546
0.5040172824254824,0.5417318407536569,0.5070599184587866,-2.865723926952941,-2.2300596618976662,-1.5737173274803775
0.4787840964798557,0.3740676717826471,0.4073307698468847,-3.0223642474691825,-2.350169602811916,-1.7429657686282027
0.5893761533686506,0.5621491129281626,0.4823879376927801,-2.908383820005124,-2.3128892539240407,-1.7469745911143508
0.4132460256944966,0.4205963763876528,0.4354571508374952,-2.9618910147365183,-2.305962460850257,-1.7222713771744578
0.3080612931851083,0.3813835699873205,0.3936378322011775,-2.838005258111288,-2.224338999444818,-1.5884708534902905
0.54360063272655,0.3869231422431978,0.4274556466777864,-2.9603380487701494,-2.3663018038832075,-1.6021668817105703
0.4393840597525812,0.4204633150153004,0.5117946948862276,-3.103535107031416,-2.469783492860218,-1.7413472082179378
0.6347326719396139,0.3706796601188917,0.4141231118235914,-2.7995638775344047,-2.2557367523325778,-1.5385104548502468
0.4762988115944213,0.4201982353202235,0.4378262996505639,-3.0654697327652647,-2.350630904036445,-1.6452925295368466
0.3522422860230192,0.3061314054275108,0.4474942132704939,-2.980896544764364,-2.4824940083151645,-1.6789869429965834
0.479498474088028,0.4845708202262363,0.487113957559654,-2.836433582874811,-2.264553093310985,-1.6375691885874937
0.6413594436143386,0.4274207728445748,0.4660023147594706,-2.853022255172678,-2.296498332315557,-1.620435751189983
0.4868259693966332,0.4570403357291221,0.3997167308117706,-2.87787778463438,-2.2867918857471854,-1.5668651801485565
0.4862393746954128,0.5193068249835563,0.4625130722892829,-2.8639160358325837,-2.2288429061177584,-1.5152456370477738
0.3974859786394843,0.4952816853037973,0.4449936636546514,-3.054368028901069,-2.297625975094413,-1.656898889959416
0.2790615956520694,0.4202395944490629,0.4860087315020546,-2.934828297527302,-2.3527772730867453,-1.6149728096902851
0.366275143670859,0.2760683354687754,0.3664817271581955,-3.0313867917247923,-2.493668132309741,-1.6377636057256153
0.5303659056579343,0.4343581355019061,0.354356950923114,-3.101757638691476,-2.519493049297248,-1.7511960997035418
0.488554123283738,0.5049412999293104,0.5310329925885764,-3.139335468725684,-2.399905523317243,-1.7888183506129336
0.4842607300763584,0.3566144584996317,0.3567637686461024,-3.210493175670413,-2.4029745868297363,-1.6729176382895048
0.5817727290954195,0.5298900599669056,0.5152736578875347,-2.75693451431785,-2.194802317300104,-1.582569019018439
0.4429546545346102,0.50382564245654,0.4785755704736613,-2.903294227170715,-2.2749558962715044,-1.6239185444374953
0.2971097072189787,0.3351065448768398,0.3378377246706533,-2.9311882097763164,-2.386818014983489,-1.635978567819544
0.4984797761327918,0.4670468084171306,0.5509768365827422,-2.889437326196883,-2.2014449302398864,-1.5334464666223662
0.4368789642564616,0.4539761795247371,0.3755080896294581,-3.00610386703774,-2.471453960699886,-1.711790371133377
0.4150491239637531,0.3892182152204478,0.3819584935156985,-3.083782293887951,-2.487776522636921,-1.6931270719910745
0.4975634321195666,0.4542233181313095,0.464721661590946,-2.889190888490432,-2.31511999690474,-1.6165177756990388
0.4513934535394522,0.4562460715854071,0.4234999304901886,-2.932799491670388,-2.327647492178929,-1.6114704098271215
0.5222057991466775,0.525907688836985,0.492373354427767,-2.87329092828619,-2.251338591017441,-1.6367246189697182
0.3368835109586945,0.4317357606784203,0.4410077531006379,-3.02442676064985,-2.434607622005129,-1.684430225757214
0.3793413836691923,0.3840199754288027,0.4607843620297804,-3.058038091051084,-2.4025024694149417,-1.687340107000989
0.6755153214553515,0.4782496382369925,0.4831789293173421,-2.9403607080936807,-2.3705298539696797,-1.7953722511761396
0.5551965571979447,0.5552725303162565,0.5543440282236392,-3.1552957155014942,-2.379474742137993,-1.7384889310689733
0.5037147889448457,0.4841683093745746,0.434961860970333,-2.8330960224821107,-2.198470768445896,-1.523772399916432
0.2247901698917824,0.4020778856715197,0.4125528092271044,-3.1435334552945866,-2.299883421515047,-1.6055394487537529
0.4353180071369825,0.4294894577159762,0.4766950601326341,-3.0097716705162028,-2.3137783091008,-1.64283711860395
0.5013395323702392,0.526555213683175,0.5581381412738293,-2.837247282980617,-2.2984567475006097,-1.646010101018684
0.2647792796572922,0.3766540663704177,0.3560675227890295,-3.05977997534934,-2.440992605444344,-1.6763480963275994
0.4233944689998379,0.5201403950697384,0.4829754201696964,-2.762696191690339,-2.218075155238014,-1.5250297592537805
0.4391092082498236,0.3553524725177502,0.3738095114025858,-3.1191873697062045,-2.444923710839172,-1.7214222978684288
0.2198302614972441,0.3922338846819727,0.3649752048401694,-3.1264703020098445,-2.478615148266825,-1.7286665380743504
0.4818859162271647,0.4692045670840604,0.4520418854291427,-2.8825878209400857,-2.209388841077617,-1.617114982934856
0.3253701317848195,0.470664045053159,0.4470995343682721,-3.0007243147390787,-2.3368372392261856,-1.6877560197570862
0.39440818480844,0.456537908592366,0.4487389988277036,-2.883861537384192,-2.278816921005259,-1.5433373248560445
0.6022047796406358,0.5110842338534953,0.4565993809397699,-3.113387196729069,-2.505053188081896,-1.8313389837999607
0.5489151343327714,0.4116342836084313,0.4966976882162864,-2.8878594107722138,-2.28398338483992,-1.6093017206891358
0.3792627749298913,0.359829370023034,0.3869803092888689,-3.0726043430692345,-2.437154414593436,-1.7310315690993765
0.4481495413942463,0.4463288121970488,0.4688003000763143,-2.960704775827661,-2.3700967380900084,-1.7037862837233335
0.3740260165884175,0.4350452572700416,0.4316796080490713,-3.1517200037494297,-2.314068368306511,-1.6453408320367784
0.4481105944331747,0.5324881191209762,0.4904438948295274,-2.8327639999656515,-2.138201841623488,-1.574944871219975
0.4615298395371686,0.2806853902320047,0.4183979831448465,-3.309270548507385,-2.47808840525638,-1.708217853610099
0.4838027520289155,0.4487061403048973,0.427363436095232,-2.8923696589453,-2.3253055129498077,-1.6457096449987043
0.5541794263174445,0.5344722824564084,0.5453917249935244,-2.9646247085369897,-2.4300709786216723,-1.7722065375618246
0.4075416603191155,0.4047198539665178,0.4277823667821565,-3.0742276133002555,-2.407724269896124,-1.6973650749250109
0.5777104942270957,0.4357590388484866,0.4684722287991729,-3.1665188306609844,-2.3403199779424577,-1.7322226105759644
0.3361853164744062,0.3335254421305383,0.3144472690372741,-3.187186165686774,-2.38013876223456,-1.6955976747633146
0.5630128650002887,0.5630504086802629,0.4700901510671403,-2.860950805883091,-2.283037004907553,-1.7267436433009316
0.4277699908593774,0.3349222718324036,0.4476130369778461,-3.056739067247205,-2.370070126008004,-1.7205579402250677
0.5496362906374749,0.4704757109501885,0.4887381893196067,-2.8132146529004918,-2.148167281599154,-1.4905038567721811
0.4786642216444135,0.265259900020305,0.3700946265236603,-3.002368898090594,-2.3753281821262457,-1.6588067508568003
0.4897193533254201,0.4420518626122705,0.3684980725642649,-3.195997867884629,-2.353512913188479,-1.656328328374049
0.2752289968835387,0.3282170839381028,0.312543617444827,-3.028052026904141,-2.3671245673183368,-1.5735399449253018
0.5533624672683789,0.4609871331041401,0.4851117567183814,-2.87152731865806,-2.2864122879852338,-1.6403195215192452
0.4695671213141499,0.4724431989317111,0.4518236046782383,-2.905982292035441,-2.2319814580953024,-1.50122001922077
0.530686468527513,0.4970562073550318,0.5061379507551019,-3.0234696251264435,-2.455450578448271,-1.7423770605495688
0.450622067124132,0.4317572165891746,0.4400578224162873,-3.152573740387264,-2.496985828068672,-1.902793154094731
0.500047122969448,0.4703966951541102,0.5208135437272055,-2.840155848131875,-2.246465538970145,-1.5001209156669604
0.5542410322333179,0.5423523971423472,0.4936402354411009,-2.8119543673887586,-2.2561678858133494,-1.5437523747603774
0.4397148236158253,0.3922174173693762,0.4325434019402344,-2.962453210082171,-2.2525185710014117,-1.5838277285429487
0.5401017322572017,0.5543641724567218,0.4761360392046289,-2.957005730405517,-2.3338184889037654,-1.665811223213988
0.4703938367661731,0.4415598217158639,0.4357191829086696,-2.982782972237556,-2.333751962961099,-1.6342626629367878
0.3568048314492284,0.3878570495782595,0.3314776001441001,-3.124607462815004,-2.43578374015058,-1.7631035086964737
0.4751091555291266,0.3525951151842222,0.4822152733603549,-3.006625123557386,-2.440374165357289,-1.7169650014675764
0.4302533438394444,0.5101277869662049,0.4982683340665059,-2.790261082655761,-2.237238366284072,-1.5210576968218184
0.3859410275535959,0.4852693902872312,0.4124264245697749,-3.018258549687804,-2.380112601028147,-1.6572404486213872
0.4790871297556384,0.5404068953354212,0.5009902114903465,-2.8581654703960333,-2.2287323487081783,-1.5314070051408697
0.3560551940083173,0.4468721707144579,0.4460250707721228,-2.914013213958071,-2.289170942075156,-1.5464038793487809
0.5384585358352537,0.3995272712972267,0.4681892994365744,-2.914840547249556,-2.367781433645725,-1.66788154153163
0.4281644958551657,0.4532603180462394,0.37733419842344,-3.2808188622475902,-2.3570765130668936,-1.728025805865082
0.5529394285636317,0.4410819780849431,0.5336743221671352,-2.873924819900088,-2.2626691437644846,-1.5972317101538689
0.2688174741697178,0.4583983062579781,0.4445798719358785,-3.106030765190789,-2.29119909915357,-1.6233405065235111
0.4767805476479049,0.4635856387191126,0.4560863533812861,-3.0521432989301247,-2.3171913591325826,-1.7135538705489486
0.4028620989222846,0.4171502213964048,0.441016947782611,-2.9329204282417374,-2.255977687615953,-1.5158315774945288
0.3665144619538956,0.4020257159377599,0.379896826847902,-3.046501957550067,-2.381125934820417,-1.696104216024562
0.443736703527897,0.4614298819799535,0.4134634821656132,-2.951068668917089,-2.4060432112322467,-1.75576018546711
0.4403577466513175,0.5178207350975149,0.5081462976202645,-2.854640865273523,-2.2418376648694798,-1.5524833051686648
0.568643553335619,0.4554403477415327,0.4477744078050742,-3.0109147469701725,-2.3463866358877663,-1.629210183776091
0.5092843737138274,0.4856542070736294,0.4918249174905429,-2.9839692909180995,-2.3086888764387687,-1.6503091903798306
0.4472783206057967,0.3001166536340988,0.4212537975914434,-3.1902071093426008,-2.5991304645479394,-1.8106356596058768
0.3400298111566695,0.4521136981999148,0.4847560600777687,-3.034448449518246,-2.376664653512481,-1.7297457448683953
0.4221084139694357,0.4341247295028597,0.5149050550731441,-2.880934877463432,-2.305275471241747,-1.6068148347325593
0.5602593289799457,0.4771579602608854,0.4956056632638906,-2.90794194600528,-2.351517571701034,-1.648318859991908
0.4717984019465334,0.4452936680080501,0.463216591344295,-2.933528059016953,-2.3291345741535565,-1.616360229335436
0.3122476625620942,0.3632671446963098,0.4348315423093016,-3.031792962249769,-2.4214186409239686,-1.7207129696275834
0.3283256567909067,0.4240869208704298,0.4994382282565956,-2.93389767515435,-2.3495787083781217,-1.669114192687157
0.3024661866515765,0.361973589553046,0.4512243817249501,-2.892443361291697,-2.2184765545753136,-1.5876443825813682
0.4299548559163268,0.4318514838971541,0.4398683803500641,-2.9511126600446507,-2.25538621359297,-1.5029527448247804
0.2767507639004992,0.4306875847831002,0.4503675749830369,-3.004852563234283,-2.1838968957020173,-1.57371283450664
0.4794941888474623,0.461768755980037,0.4162756743216136,-3.0507002794766627,-2.313604518733377,-1.6491171824589683
0.5270688780754191,0.4919149946331716,0.4397528429529306,-2.896691985405456,-2.291814181563583,-1.6437517160548143
0.5546116436720857,0.522672893049922,0.5421771304822436,-2.831058779057574,-2.2067054950998584,-1.5740434094387794
0.3370896740437443,0.5174897813375318,0.5085564183512222,-3.034462761998693,-2.3841881808736094,-1.711810659211134
0.4630858198954092,0.4755335158888654,0.5006577977743957,-2.761514315872896,-2.1325908938392644,-1.536161957628623
0.4148810390314593,0.4727374994729941,0.4355862632879463,-2.9277749551116354,-2.2590754831474644,-1.5975042316659158
0.3540937434967572,0.4670961063578324,0.514785413738564,-3.015669235493054,-2.352217335868729,-1.6522105093798831
0.4895604923042084,0.4899675349942128,0.506910325479613,-2.8779309557328845,-2.276062021825424,-1.655277918010467
0.4303857543615754,0.452767775101895,0.5279885604736205,-2.8175851224942505,-2.185996366945623,-1.5300488273903683
0.3302881331842909,0.4550362115780519,0.3455546338754596,-2.996532058629076,-2.301596851014363,-1.610687798202444
0.4586304639013638,0.4880582200215649,0.481247719939616,-2.889773706288731,-2.2022164961142683,-1.614852801058391
0.6148528050864429,0.4946264293853565,0.4428064908026409,-2.8842110031322234,-2.3812233000132057,-1.7073486044300792
0.5036582371254111,0.489156113027287,0.4812322997467992,-2.8828282622119747,-2.323041395242276,-1.6128932882735003
0.4683196747648517,0.457064684497029,0.4351124853503583,-2.91814628309866,-2.303348488096905,-1.6009752192584836
0.3904139892190106,0.4199130036904404,0.3519010129796346,-3.331277837806383,-2.505002771159602,-1.8321780727857884
0.4256784208554362,0.3861603918998157,0.4209690727538587,-3.09330909296381,-2.5254773488431703,-1.7135509226916483
0.6074803747406361,0.4469962479071189,0.4164766253775067,-2.99803315365326,-2.310667312031538,-1.7431040335195895
0.5320639218914857,0.4174045774208998,0.4271541153847406,-2.849818322076573,-2.469486079233191,-1.746939948183822
0.3364727217437303,0.4560272600574789,0.4665673236247491,-2.924721574792938,-2.193860224746746,-1.5381525342022035
0.5162929908868479,0.4851676010161342,0.5102565094644783,-3.151037341196341,-2.4941517272232403,-1.8337148016400744
0.6939722288899947,0.4013388219261048,0.4417542345480055,-2.8244810965468288,-2.2762335619701206,-1.6253559057183695
0.4712969623562661,0.4849599369454501,0.5279054462583425,-2.871893300909316,-2.244930617660846,-1.5842330636939137
0.508546427497279,0.4395464335768351,0.3768854011078969,-2.89684651928406,-2.2589150885037794,-1.6316037738895082
0.4153882790577425,0.4568548613758564,0.3484980982649923,-2.975447939689324,-2.299317733984773,-1.6238945776657043
0.4479259641493978,0.4208312535660232,0.4762641461362511,-2.978496109791361,-2.299142263832149,-1.660576480245372
0.4687005290486776,0.5001820458250384,0.5186361446578723,-2.886394837014002,-2.18958619823221,-1.587813387617197
0.2789397772329449,0.3641141043544728,0.4712136689858841,-3.10334692360678,-2.4603285841927653,-1.7776651387687117
0.4184624131103902,0.4940911812356184,0.3883148349585789,-3.1076787194505324,-2.4541154920651724,-1.7177204596580469
0.4634653047182464,0.3990325618747859,0.4330744667921754,-2.964670139654714,-2.304043476784677,-1.567355400695874
0.6139853360106735,0.4710300904618721,0.5117453606248901,-2.969389101610737,-2.3109095611590917,-1.7141889449964631
0.3394693803233671,0.3386126576666585,0.3591208194084397,-3.0014798803606104,-2.428429239400564,-1.6865699804834884
