w_0,gamma_0,gamma_1,gamma_2
0.46830384910418865,-2.9399321715145135,-2.3300722585201927,-1.6802510576866272
0.38974803349691567,-3.0916300993302728,-2.3660872370222226,-1.6726925954078933
0.47152281313367944,-2.9995541050522387,-2.3503744584772845,-1.6976904346920556
0.34454298554736984,-3.1787704757447584,-2.3732387596705427,-1.6510324159498118
0.44920298761345906,-3.0780976278598775,-2.3349881990471104,-1.4943150910478575
0.4991538784404364,-2.962159920866432,-2.3124268052539247,-1.6615857800240168
0.336824252216495,-3.2341810800822794,-2.4321420887306067,-1.7686328245419332
0.5140566137328972,-2.8425644340376848,-2.3405506854647804,-1.663118621247876
0.369173590875411,-3.0212413508785767,-2.437518693325794,-1.7503432653267035
0.4288890889837866,-3.111371397376946,-2.389963410888662,-1.7463387883677837
0.4640163193035533,-2.9127748533750335,-2.2106002353198986,-1.5799530741015493
0.4042644969263549,-2.9983716079872273,-2.4406433474007514,-1.6776436101245698
0.4440420068151348,-2.8463082368292842,-2.2465641963042873,-1.5835583534654591
0.525437539880177,-2.909919589377766,-2.203734815303606,-1.54722162737586
0.4324447488040279,-2.8397644585485198,-2.3671169286693554,-1.622442548562617
0.3699688773602225,-3.0734755402962213,-2.2818085542394377,-1.63674457451887
0.44683359881677026,-3.0992396072318837,-2.313527822210623,-1.69287325419784
0.42672707211412714,-2.974545292385262,-2.3548543627193217,-1.6584799331708386
0.4145639362434383,-3.1472388322775577,-2.430322746479017,-1.694322601780284
0.40377309556127733,-3.17267034037363,-2.495179098085026,-1.7418508159987443
0.45491758797169135,-2.764536422964431,-2.1620416274546193,-1.495558619563066
0.32365435682749805,-3.3033897614739764,-2.427756419519365,-1.7202811112410756
0.4074744290239358,-2.9738204734543174,-2.4116686598843704,-1.6846246751092084
0.36510868544769487,-3.0884702168743994,-2.356790799584467,-1.6825531466116337
0.4727843765662077,-2.8238831468570043,-2.263974989540393,-1.5545861137834538
0.39465424085629297,-2.881934678326086,-2.272663080811829,-1.5434929863189555
0.5121281911120223,-2.9184427995922517,-2.242420377003988,-1.5665526914069139
0.5173619218978698,-2.92297136016777,-2.3048156457846884,-1.595601045795613
0.3957466579656799,-2.967012955176167,-2.3739918818521697,-1.675717865640947
0.2894427331934129,-3.115194603102165,-2.5078612567736305,-1.8299477943107758
0.5495234076071082,-2.679520028473646,-2.1527697607786873,-1.4697887817452917
0.4246611515889711,-3.0005949239674163,-2.511491633738941,-1.6996605673312506
0.4707038525846314,-3.0091939046935363,-2.3094811504612225,-1.7063457293729583
0.5088473270719565,-2.952474302653249,-2.333090129416249,-1.6427838013347897
0.4311814161998728,-2.875013323754033,-2.3263986315619403,-1.695381374499732
0.5376250131243552,-2.758424445237879,-2.2925469324384538,-1.5375726143131139
0.5065660869754266,-3.0854083380799495,-2.3267797704777364,-1.7097873184173582
0.4860559016990435,-3.0558069444065197,-2.233632786871236,-1.650545321556268
0.49189165116077677,-2.8520561873786856,-2.250365659055718,-1.5909495408337282
0.42708259921403674,-3.041688614842188,-2.208742590340094,-1.589355629890124
0.2809721346694859,-2.9390171365974465,-2.4014389554486617,-1.5786257301797793
0.3930660061433518,-3.1090478267144426,-2.4905565005102877,-1.795240943270799
0.5546175472589497,-2.825317585624034,-2.233870045213913,-1.5932233755331038
0.4539356077485237,-2.9659390140790167,-2.2137241601091358,-1.5662251399812943
0.4058618197374937,-3.0216668019414175,-2.3161663396729932,-1.6496781547314876
0.4427712114150785,-3.026285761744017,-2.333770730929815,-1.5800670598351219
0.40408550025958234,-3.097194961415562,-2.342426083895876,-1.5898967201998289
0.41308558729504413,-2.949590937651419,-2.370653219616726,-1.7007474393268063
0.45674036120029754,-2.6955092727478522,-2.1755898793966413,-1.5831016921845535
0.5464969601405446,-2.840007029093512,-2.197405120821192,-1.555402084667278
0.4690230971301602,-2.8762738928270246,-2.3046802255821928,-1.5830676116057476
0.4264172437715435,-2.89241424013644,-2.3942244038910396,-1.8088822784369931
0.5301333335918373,-3.091876310620705,-2.412765401627421,-1.8240974897660522
0.4548470334139661,-3.3230301471057433,-2.4102873850733655,-1.7239359420821436
0.3849556593265028,-3.0779499889819495,-2.2452019901280957,-1.7073154307399971
0.5294254382525535,-2.7233236244558525,-2.2501584836695883,-1.5298627372594764
0.4716674150925927,-2.9192370679970727,-2.2766318467933395,-1.636875993751042
0.2983659316187642,-3.1761751477115836,-2.476924695414119,-1.7763152472035437
0.5018565747591597,-2.957345171286315,-2.3776582240139277,-1.7602167536011903
0.44272243298135927,-2.936965839887601,-2.257251777087617,-1.5442675824443908
0.38975168786873904,-3.0072442049718706,-2.355726609688129,-1.6663482747397147
0.49786153195013466,-2.8204343122717894,-2.175832502623603,-1.50748925973849
0.440445721239929,-3.0149736083789516,-2.411697738437925,-1.8047221958821993
0.4415845688756141,-3.14183458855609,-2.43007956709225,-1.6267004032639938
0.37358031610487563,-3.131740666155353,-2.414706874336031,-1.7755634523471668
0.42477271500938424,-2.9380739200226835,-2.3594239328601865,-1.6359926270911538
0.43477991021071233,-2.977605513300979,-2.23972188364753,-1.4716853336660827
0.39633766462530556,-3.285941175294017,-2.4291081477190426,-1.7596228743259932
0.4205406501663321,-2.9958633496078635,-2.3602910403104063,-1.7192949073858474
0.3231818830017392,-3.228122630498398,-2.437014684818355,-1.641253924745161
0.5357217530887006,-2.796504401230046,-2.126000532233883,-1.546301616409246
0.45527381498465985,-3.145522585656134,-2.454266302248549,-1.7904620136548435
0.36614348417492193,-3.0594092680125864,-2.3688954004870726,-1.6919272617702856
0.5024748889804598,-3.002554013738947,-2.3472403670420614,-1.7489744011646815
0.35184798109811705,-3.218771113957391,-2.6338586109505213,-1.8762612039975248
0.5335497995157243,-2.781770901768544,-2.0453024884821964,-1.513337247520874
0.4191428458097991,-3.081569612993975,-2.386232809535423,-1.6410720498769145
0.3891349101541002,-2.9405638849042504,-2.3644116281661116,-1.680787736850352
0.4123504048531607,-3.0661099120835216,-2.478588166327936,-1.8211033650923552
0.3124921233498161,-3.20161559971868,-2.4104504828256723,-1.7192044245848483
0.3749081360440751,-3.0868162834357884,-2.3912304380302944,-1.6953628086013641
0.47533244330883545,-2.996520458744682,-2.4050127424195167,-1.635393838367256
0.3884835271365001,-3.0829700274624425,-2.24048490936614,-1.6156173254163397
0.39430622533823195,-3.3049992189548196,-2.45370353733012,-1.734598969261412
0.5479887592834077,-2.9682763530522216,-2.285839665468037,-1.7093682071352274
0.4391371856768911,-3.2326592807593086,-2.5039397317568266,-1.7597104131602666
0.3334287174937699,-2.8104641596246918,-2.2768938952450557,-1.6712438822419446
0.4959574247687408,-3.082410402086377,-2.4291577427399873,-1.6978118102507218
0.46050160679454993,-2.8598825931894334,-2.1837767727393365,-1.5403237031931607
0.452361075600784,-2.996946517323866,-2.3319001598080886,-1.707950432787414
0.4014443477933858,-3.1701928952789307,-2.365598680111769,-1.6203430106205143
0.43063376028321126,-2.878553443432892,-2.2790433584206116,-1.5494748777520055
0.4920016029015379,-2.904037443500067,-2.2631857434842315,-1.5833959847277153
0.4483450250215192,-3.0333873795390334,-2.3839803016380867,-1.7403142233809716
0.48701970987565923,-2.8466206654565473,-2.233838555692259,-1.5225608003327564
0.3652579569361276,-2.996798680276014,-2.3281974931604577,-1.740039270636285
0.343376050343607,-3.0726190748897975,-2.5488812189875363,-1.8906485054718105
0.516133715882222,-3.1161063198683765,-2.2830329829883547,-1.617399744952876
0.3861341977630731,-3.003605669185738,-2.3032854625620813,-1.7020943083322448
0.47520721429476864,-3.2269442185195634,-2.2627220571441957,-1.6722867517194446
0.4061237025286463,-3.09681594643695,-2.4697002341186045,-1.7534442312449356
0.4511366680531038,-3.0464872538545773,-2.367008729482526,-1.8164940479504201
0.5050776516694355,-2.8861319815012783,-2.352392707883305,-1.6611297402583314
0.4888961316916359,-2.895873464386385,-2.301993423970759,-1.6322714959816222
0.40056734704269675,-3.0046538729218133,-2.3044378661183935,-1.5970916586764055
0.42005781311775264,-3.144045744617751,-2.573300783834914,-1.8025935021071144
0.39319646699038013,-2.8962900217080314,-2.389842266508615,-1.6718548737349337
0.47337943865083004,-2.943620723540322,-2.387773540900246,-1.6327028095512541
0.4231181223987884,-2.9581628766730397,-2.3131983390268585,-1.6389727920665924
0.36742172115450156,-3.060664135129884,-2.350791366631807,-1.7361944503443656
0.37032942734402075,-3.078132226127084,-2.3082179781761663,-1.6388727114281207
0.3024416794507853,-3.249962877457408,-2.4567102539306793,-1.7931389330674143
0.47384246485050957,-3.0037640052259347,-2.4309331255389486,-1.7290052955905844
0.5167460636490248,-2.8810230979735434,-2.3002773639323397,-1.6237986053800941
0.4504018701617882,-2.966295127950452,-2.143930359444593,-1.5269915123408986
0.4202605737069566,-3.090027355938152,-2.314970312975198,-1.5505504701215074
0.5499648730378747,-2.9031996111133944,-2.196016659058032,-1.6170013970601316
0.4658321061348952,-2.86029442610244,-2.3290433678115066,-1.6563770579479127
0.4215448203543359,-3.0385222979004562,-2.258700839463165,-1.4936627314904458
0.45627299967464047,-3.0565145158355276,-2.4435864637746607,-1.7061355371012066
0.35959810505625284,-3.4606712740743766,-2.489197786439464,-1.8334282212694497
0.4787165929856452,-2.9639642475268486,-2.3513007454436643,-1.6471063977566338
0.49721825942827597,-2.8977042620979647,-2.197758907606307,-1.6122023771366212
0.340267007158968,-3.1732075167800975,-2.525244535110476,-1.6825378687572385
0.4738025742090051,-2.718293721897526,-2.1380347739064116,-1.4783038508791593
0.380405640015606,-3.39543872766786,-2.5846022566997116,-1.907760118590444
0.44526637506015454,-2.8202678795839478,-2.1932692244617544,-1.555677797373486
0.458452468707976,-2.733925174860454,-2.1069077324414054,-1.4207188689663288
0.40873159472623566,-3.0849227301219964,-2.388743554141976,-1.7190851995329623
0.42058170710026554,-2.835448109770152,-2.1774287177232257,-1.5041448000827704
0.5180065734484618,-2.7913661407689774,-2.232535068505829,-1.5995027085462963
0.3823272487328378,-3.1075019384452984,-2.3988873437968934,-1.7462912983003949
0.5129540942643774,-2.7073779827132576,-2.207718574993343,-1.591175344124742
0.4597883159987983,-2.9272182057193303,-2.4532674414172346,-1.7554522467341975
0.3848055713265339,-3.0095824092710974,-2.3757613673330966,-1.5747049795383925
0.37435623003057866,-3.1030772226751817,-2.383925707451028,-1.7362617965431877
0.4815391877362087,-2.9331342364609503,-2.3296458775049813,-1.656445754745589
0.37750946292924353,-3.059817300121048,-2.3141603611394506,-1.5971269014014848
0.5539864954858791,-2.7836601033936463,-2.2226920316431027,-1.555200191253479
0.5187037022316008,-2.7803983324505457,-2.2586881725241224,-1.5427600504196168
0.5719321333202614,-2.861447192510013,-2.2168633420510884,-1.6160508303035226
0.4644800947875408,-2.794308680167208,-2.2265974114991764,-1.5276303156357744
0.3963034237653758,-2.9457104407030825,-2.306972023792042,-1.6801447405865582
0.42705215986822437,-2.9956240738300615,-2.3334970172283978,-1.5395679976258765
0.38825212686640187,-3.0720623771088973,-2.383173205896428,-1.7084541895549
0.47955737315991515,-2.8548766074113,-2.2761273445053085,-1.6266901162877974
0.36893679518831646,-3.006464212316705,-2.34185798070681,-1.7718521049541918
0.4942757738997495,-2.8030858580326607,-2.1889483136284915,-1.5060478056158058
0.3673434010024233,-3.0028858923850663,-2.3335064596600197,-1.617764388725824
0.4252655131020648,-3.0212683343756948,-2.3107839936797525,-1.6582665322488164
0.38535217025288365,-3.1262246261036224,-2.402458073074949,-1.722267748740434
0.4635080275972379,-2.783829065904546,-2.196687119941984,-1.537195060440156
0.3868310061315854,-2.994928462516383,-2.4397069268877525,-1.7184947508362785
0.4620614210001466,-2.861175509122422,-2.201300726928321,-1.5189013081889864
0.4304449922163249,-3.1298635478689336,-2.4991072608566283,-1.7200112203219866
0.5116682105953099,-2.8025929103274145,-2.215067823800149,-1.621565181876407
0.4065768261171063,-3.132517647217001,-2.3509570435565674,-1.6768618846268437
0.40647912793442004,-2.997498526948249,-2.388968158448155,-1.6803476317320265
0.36727680126288864,-2.9850142702840876,-2.280674927517423,-1.6530770356388407
0.4531246333632969,-3.091958511227183,-2.3877475629015232,-1.6998275374098262
0.3640701206401719,-3.0463363445148355,-2.3113217698488735,-1.7001684780960808
0.5164801922366319,-2.9016558092705957,-2.2777434242383503,-1.6038942472734206
0.47795846841097805,-2.7925870838883897,-2.2017022455733204,-1.5597467431733514
0.5738698645498229,-2.849401380165101,-2.298528099949994,-1.6514925387609645
0.4028081908135177,-2.865876014645031,-2.2330110811091837,-1.6096478988170073
0.42862438194681607,-2.9748186310454163,-2.2751350818871887,-1.6091497983695948
0.43208847427596203,-3.0426280397544683,-2.3130111328763983,-1.6212186929751773
0.43648382660292323,-3.088764765907588,-2.4483385838834355,-1.7589583775140942
0.3998052745387912,-3.0182210838354435,-2.184618862840261,-1.5658936795599434
0.4196047619474832,-2.972814006866013,-2.233245543279246,-1.5975872304880727
0.450229797139561,-3.127219127178136,-2.456322834805049,-1.7179354538101146
0.4103106408109941,-3.0321284724693283,-2.2768222146964043,-1.6561150956833024
0.4056683532783159,-2.9504412820205723,-2.3917801355043924,-1.7085922530178352
0.3436499766818805,-2.8831900315292356,-2.2417156967130425,-1.6059845568008935
0.4685458387674779,-2.9816350995008776,-2.4329563001299306,-1.7069436166754923
0.43839651999590745,-3.0346451140207424,-2.3666398804799256,-1.667518986673235
0.45476696189321036,-3.12132056233489,-2.5280573369970063,-1.8232871910159036
0.44814891053378225,-3.0875661277213515,-2.3020696588000478,-1.5783156540484111
0.4668499678430657,-2.9597589123561594,-2.304702250589832,-1.7087774696449294
0.379023344411006,-3.0219353462040246,-2.4714944060587465,-1.7010113470910337
0.427777763974747,-3.3202469665154806,-2.385133551743015,-1.766207411241175
0.3870931334396096,-3.1907929316058756,-2.4555889468448346,-1.8049493650403872
0.3623366406958299,-3.079042449833309,-2.4402843393472087,-1.640267844579195
0.48533316583517805,-3.127257964344175,-2.352168449684357,-1.7339310434450979
0.48059867203637563,-2.870319068852148,-2.2265738359530634,-1.6090019326060394
0.41429503790170313,-3.0746778733130595,-2.316030000118275,-1.6440389428306426
0.5008639228690872,-2.9949835605617983,-2.3256554569764636,-1.566669454905368
0.40264208852665634,-2.8857434802802424,-2.2652320045199645,-1.5851013152124613
0.46923236759370623,-2.8897774375209893,-2.2676871398675162,-1.5258464120644373
0.387727118081569,-3.3869220503287805,-2.536402611219889,-1.8497621634359185
0.43052754086331646,-2.980385178969928,-2.2790395167271296,-1.5411292202776439
0.4447690585349881,-2.804004183131237,-2.1657906039871646,-1.484125028138473
0.39782565232558725,-3.0341870227165413,-2.287232709175547,-1.6007568000043269
0.4763144804185202,-2.9081209849943384,-2.2081654234212778,-1.5869535855065051
0.46040424610861663,-3.1749686271408857,-2.475228189870356,-1.789896599479305
0.4371021768857707,-3.248983219123019,-2.433314986955408,-1.6532283620184767
0.4572283964934991,-3.0985213493527812,-2.340041796763808,-1.7283898168697551
0.455960730061635,-3.1356467031603863,-2.3015354397328207,-1.6803650547681808
0.455752041957561,-3.004008934383514,-2.2910218600130836,-1.587798667196035
0.477040055362918,-2.9641055863272823,-2.238237954549211,-1.5995186113633384
0.3739000163279938,-3.2373997919903856,-2.4784675377623024,-1.9272111532320089
0.4406970146665341,-3.0083005461411223,-2.406352928307258,-1.6274333043160942
0.3837824987332583,-3.186776837637457,-2.5500276186555237,-1.757029125472247
0.4872139339275927,-2.825388997179781,-2.20500878554525,-1.5231645703884564
0.3798398333092172,-3.127822368777594,-2.483732113756594,-1.8028116224128905
0.4471238340930402,-2.9601362562146964,-2.297290911577277,-1.621578100031216
0.4687083249703271,-3.1189680846609464,-2.391087710663113,-1.6597374383807129
0.4403886275942696,-3.012503019431463,-2.354751574784035,-1.5728151660157363
0.5109762770498485,-3.182573555583799,-2.350447145473358,-1.6620449384470284
0.4232884515534257,-3.1717753873022088,-2.4741021012243225,-1.7367216448522302
0.4036870569566254,-3.0702001580695693,-2.374562990439563,-1.6930989986053755
0.3145152265865313,-2.982128554709938,-2.4277451486762045,-1.6145525896643127
0.2862813914768555,-3.2317260231261,-2.402191301956375,-1.7855660674319886
0.4518813146815253,-2.902894259936852,-2.2014401356744093,-1.600378825338007
0.4642315080856479,-3.027832239613045,-2.368495401277489,-1.6789461781452395
0.4305454042816339,-3.003043075078987,-2.4384989480960853,-1.7436591595401738
0.4140801822717531,-3.1335901664090176,-2.369924759080695,-1.757833840457648
0.3703662741261758,-3.05781337783774,-2.4030486324899445,-1.5785538650275854
0.4339185970259124,-3.062691453839618,-2.342875730743954,-1.6796808242554453
0.5361174623503416,-2.7119789870292017,-2.178288596592368,-1.5804815148120552
0.3426450551611131,-3.134854185573275,-2.480620303762911,-1.7749558328630328
0.4347641167199155,-3.024826592259466,-2.3521267233206724,-1.6569587118029654
0.5195975495710033,-2.8804670221110102,-2.1650161898437954,-1.5384689853373126
0.477354328178702,-2.783197993857152,-2.157190727094947,-1.4691837398895855
0.3802818161652699,-3.2532533745849457,-2.4528101004208844,-1.727910632964021
0.3745290512925589,-3.1122731570642705,-2.326023185770689,-1.5910383009370854
0.420676881998571,-3.030546903294917,-2.576083866034591,-1.8000659913225756
0.399549565692187,-2.9667773377165445,-2.330051708771785,-1.5817549989786013
0.5040786518354515,-2.9380751278449733,-2.36482132098856,-1.6484964752597422
0.4850404023866473,-3.0578831661759462,-2.420025111562069,-1.7454201737022277
0.3373414340614538,-2.975755248138703,-2.333253272784636,-1.5801509360082633
0.3671518502451418,-2.981131442433356,-2.33966057058323,-1.7382412993371037
0.3967054998394368,-2.912832912395642,-2.263646444502102,-1.524813371980992
0.4280550840102866,-3.241545752461805,-2.5112860748275105,-1.8796952487855891
0.4778579268217675,-3.111819452883932,-2.368610872380817,-1.6672386607908842
0.4098289058818761,-3.0145055121859974,-2.211791125821016,-1.6110471827709465
0.5970035972095382,-2.7714753199015547,-2.2056720390250475,-1.6100733879092133
0.4952784180569899,-2.792082852036041,-2.288528272773604,-1.6484375202589727
0.4622909717686042,-2.9597924344706112,-2.406747558890632,-1.6852987415686398
0.4364878714436903,-2.943225850359406,-2.3535504489267365,-1.7472653296948164
0.4013470879604849,-3.0812659317443605,-2.3385299950890808,-1.7326121824273604
0.4124414640152233,-2.988598054246548,-2.375215902728425,-1.6590110069312307
0.4517802514497398,-2.885994467005875,-2.229589576182384,-1.5430468764571028
0.3835285085833156,-3.088106929704019,-2.3234259534658293,-1.6292082865375883
0.3994353535132597,-3.0430989532153383,-2.276333382253419,-1.555825064769334
0.4915109722828087,-2.9737910811082955,-2.2471373817276947,-1.5725796051789385
0.3881419643564234,-3.1256285341380834,-2.3651540488114358,-1.5874648355385126
0.3443975666660947,-3.0177290162590245,-2.295723132349316,-1.640092868160207
0.4704801441475694,-2.738598220603742,-2.1947059308706227,-1.4963566060804347
0.3802509100674144,-3.092650978034488,-2.487310971397024,-1.7371474975318593
0.5315465898532512,-2.782808392499154,-2.1643700118097886,-1.4694904446675137
0.4488271111447041,-2.9908569930614384,-2.3934108454334697,-1.670241592731743
0.4932265976206531,-2.693296225036406,-2.0974020965279285,-1.455953410687615
0.4611751339395763,-3.036590447047728,-2.3045021956895826,-1.63274507996232
0.507861766275377,-2.9219750855096125,-2.248065432881021,-1.602318646862308
0.3944522780277528,-3.071871797143633,-2.414421168466662,-1.6228677638824711
0.3771362440946223,-3.0330184356799075,-2.417187671685898,-1.6406292918400065
0.3896278616344004,-2.926186397154531,-2.2778847643541926,-1.506867119895961
0.4961807188105327,-2.964982165394627,-2.3132312123794487,-1.6147711613331086
0.4375575094429972,-3.030584829901337,-2.38553386801346,-1.699705240665755
0.4736750384275029,-2.9352454414166265,-2.272922095755201,-1.5667699780757802
0.4251118094465602,-2.935559122793761,-2.4518680067975125,-1.68365321813502
0.4821830071701624,-3.1081549746059234,-2.3945297174344944,-1.702999292870548
0.36655096762736,-3.0852808245293506,-2.3661358290540604,-1.6424916931611306
0.4513548737775926,-3.115975306139124,-2.5225344002574013,-1.7299230372711318
0.4890705399555554,-2.9169731819034705,-2.404771983797114,-1.659273509188255
0.5897633918408369,-2.7657623353320444,-2.1819342944635465,-1.5724304882455948
0.3792178668831036,-3.1232296084017466,-2.219499748292715,-1.5032895506491677
0.4344957999552576,-2.9525032019759,-2.36681314334864,-1.7266573351498524
0.472264910634229,-2.960072115299582,-2.3651801496357567,-1.6670506484841423
0.5518451544353589,-2.7035123748047307,-2.222733773065621,-1.5183422062342455
0.3774377962085439,-2.9874290094963856,-2.4662520353749677,-1.7680867236647448
0.5064018749603066,-2.8022337688463024,-2.2479887983075706,-1.6005738391040594
0.4001870497321035,-3.192012113735756,-2.378598379311516,-1.6777333691254912
0.4089196975315197,-2.8824618689837296,-2.231135074549755,-1.5671028703829055
0.5429445623926078,-3.17195358273319,-2.320159819698846,-1.743378778606261
0.4436803974121715,-3.0120145170501496,-2.279409003990869,-1.6011790158385262
0.4817865526793071,-3.136640993833584,-2.4695687302217846,-1.8318304187061172
0.42410644694893,-2.9859088208492035,-2.334368012997462,-1.7001450345919824
0.3331379639029281,-3.009218489206856,-2.476485580201762,-1.8468041467600709
0.4373668997226134,-2.936063041794821,-2.193188099793611,-1.5856328674944011
0.4566294942345348,-3.0898576420932047,-2.379033552955076,-1.7214049726296272
0.5905888615118094,-2.840292722735748,-2.162985083721761,-1.497396038199979
0.463520226067516,-3.0914983362693955,-2.462809892249138,-1.7199964389332223
0.3631798418121115,-3.127553582758745,-2.3770299908463928,-1.671283291674964
0.4437476611860864,-2.8782119653047484,-2.262168349789852,-1.5580655803830992
0.5222753458944944,-2.759258831776394,-2.1361537441919403,-1.4846066038013723
0.4565197751095385,-2.9232817239112374,-2.2465922969910843,-1.5619218544835825
0.414206362421163,-3.0641342553166813,-2.403978163495876,-1.6661569032513155
0.4023176367002889,-3.0913649769480567,-2.360324163707319,-1.7071560455342902
0.3993270901813386,-3.1449755321581274,-2.3716127627093853,-1.6845499073423775
0.445175203547715,-3.04636218048381,-2.356995658161413,-1.7035270489362635
0.3614284968992337,-3.3428034177798005,-2.391272528724525,-1.7348965430006948
0.4160475272084022,-2.980451626151727,-2.3244538352510635,-1.637725229517513
0.5195713595553247,-2.898149129159568,-2.1980929255188437,-1.5445513076351671
0.3882996381191683,-3.1243940412905067,-2.3240119653573745,-1.6458475721847294
0.5122975572345468,-2.893077439587693,-2.2116167024155664,-1.566307375416735
0.3618618978562013,-3.0883974469330044,-2.4217301535466578,-1.742957932895101
0.5235167248749587,-2.8658025852461315,-2.242427098742687,-1.638796230155949
0.3726495729966492,-3.177937018543618,-2.321424844081673,-1.604863029777445
0.4492427182124876,-2.9827874150879468,-2.146878961985177,-1.5157180554053564
0.4108563754675007,-3.10449222644872,-2.4687555183567844,-1.758833036784299
0.4039735066501078,-2.9579285710149006,-2.30192204850622,-1.7247840561647776
0.4872209664242351,-2.8663263188657395,-2.3052734507716,-1.603748806527541
0.4180809334237642,-2.960032716742469,-2.252597519631484,-1.5812185693086669
0.4459939824326531,-2.923352001542551,-2.27518779586098,-1.5838646302966288
0.4488348052077424,-2.992357687092225,-2.3368728031397605,-1.6539235250212851
0.4110155042691464,-3.2396130297040195,-2.52013932957487,-1.7029780415124345
0.4051911391273243,-2.928926634256322,-2.282817347522817,-1.513966576027969
0.4570813324302115,-2.907172298524037,-2.288589457782401,-1.6699247591383042
0.2188765696371053,-3.2515721522373418,-2.566630306782112,-1.83229146361558
0.4040416400637914,-3.0334200818117187,-2.347456001890871,-1.6745875379441808
0.508094200984034,-3.016224430180633,-2.370407769028956,-1.6302861317588568
0.4643009952387862,-2.8145549311316085,-2.2964754237723657,-1.6896747127810423
0.4912660955708712,-2.8549876048195726,-2.232810914107147,-1.5615934888769734
0.4783621631040162,-3.225142561013888,-2.5200491995263707,-1.786994049580927
0.4644537450533149,-3.034909143026201,-2.266877241409742,-1.6667194497726203
0.4608032031654347,-2.8308241839135486,-2.266147828482017,-1.6001414733665906
0.4341370199189957,-3.071733963175605,-2.41795832091785,-1.7252838250741054
0.411652123268052,-2.945619236919017,-2.3612244553193,-1.6989243924110156
0.4492220889342003,-3.139685371110946,-2.4386892006748475,-1.7319332012535151
0.4596702138349798,-2.8114591477222217,-2.1930693478410275,-1.5442686486698691
0.4459080570965475,-2.9426195740185688,-2.420209602673118,-1.7154590721553562
0.498265940328958,-2.929501929448131,-2.376317370118251,-1.8009434224112455
0.4338019495916016,-2.9476303801433765,-2.255296530011518,-1.5929583471976978
0.4137728751268913,-2.924576129053777,-2.234776487886853,-1.5288178894726976
0.3605841001147076,-3.0285728278621504,-2.27426478295205,-1.6123261265056443
0.412428634672263,-3.0042694348271355,-2.297769479802524,-1.5686187748779132
0.4558845482381571,-3.051163775479036,-2.3395895843243126,-1.6599248733980834
0.4612717735816057,-2.9144869141937058,-2.3413008392475425,-1.6439806796181915
0.4694228843343979,-2.91873095117731,-2.305345201398552,-1.6138335816671587
0.4028723636487779,-3.1042333107772757,-2.465551534806878,-1.7024011608847414
0.3911187032620254,-3.254628548983919,-2.4841136037750164,-1.711984015662681
0.3462437131672112,-3.153631618400043,-2.472098496815529,-1.8726085564154595
0.4032755219266994,-2.8859990310371413,-2.2237471037764176,-1.592425453559764
0.3055623997898665,-3.16992901682657,-2.332415868360611,-1.6856402105017405
0.3523739681649201,-3.202241919369253,-2.458507784360393,-1.7454185112912255
0.4755866781158678,-2.9461586303046445,-2.279141517939925,-1.6341188409448626
0.3758714362101523,-2.891302227651492,-2.3227520069007643,-1.6423769162531654
0.474788749891201,-2.941896180070082,-2.2636751198489566,-1.6317522332258232
0.477001395031379,-3.083889475925386,-2.485694371762815,-1.7806062121223676
0.4095451917710818,-3.1597511187765357,-2.4510410509715084,-1.7667487547573657
0.358617529594011,-3.147461113200131,-2.58447022911483,-1.8601338049454188
0.4995841960828675,-2.9245477815756,-2.2439838405380974,-1.6793222246153787
0.5093050877207554,-3.0582662006305683,-2.273567693665052,-1.6297131607347384
0.4394250095521396,-2.6989418475667857,-2.172631553916634,-1.4321676045456948
0.424497125853601,-2.95353410587717,-2.229135073350163,-1.573102973827611
0.3427063338099775,-2.969729874687003,-2.3025002645456443,-1.5339342599383734
0.5057943930194991,-2.819257092228382,-2.184490521101396,-1.5305343765434345
0.5191788654854668,-3.016188555551233,-2.3248009182146423,-1.6832402956452328
0.4405255525259661,-2.851605213021454,-2.1777873880779626,-1.5552331802713015
0.3588766025449821,-3.2014855846210404,-2.41717723586837,-1.726238391099751
0.4076183315222427,-3.0078520255948917,-2.2775340564423106,-1.566809524651295
0.4583635414570998,-2.914521075743681,-2.2938617165223048,-1.5657305344295387
0.4428750476918502,-2.8939029335740023,-2.346714263498899,-1.5550105874933893
0.4457757967527008,-3.0454555945211945,-2.294765958842436,-1.6465379539332778
0.5426126575341003,-2.6723587989253037,-2.131145526668264,-1.454547462428368
0.4639833090060193,-2.9341870237208934,-2.3134682153702544,-1.6047917322876415
0.4428371830790981,-2.9534148238486417,-2.365371335370124,-1.7021338136994697
0.5027843019583562,-2.906859190521144,-2.3362671077222465,-1.593975733292376
0.5147125992982842,-3.0211264030377194,-2.3743688229673574,-1.67583831326076
0.4177897121714877,-3.019216405623862,-2.330371909664785,-1.7310468902538036
0.4280550984640254,-2.982509818778376,-2.347263258048116,-1.648812674341349
0.3673998013620654,-2.9707080312510974,-2.2867225738678725,-1.607166750490721
0.3748600466986373,-2.9996165953888543,-2.3811434885694904,-1.6422218743701469
0.3939495074978358,-2.8944631973625023,-2.179598185623448,-1.5268066805799498
0.5478826204098477,-2.9407585627611,-2.386945919044676,-1.7020376283897511
0.3781644169667909,-3.1182999287798,-2.3528584931721865,-1.6173650162492794
0.4882948680890546,-2.8486955467354336,-2.3164703963869764,-1.6617658956298322
0.4855997436896894,-2.914380650827194,-2.368461642474577,-1.6049175342434652
0.4072364991449641,-2.897016063268828,-2.1817544926324226,-1.4063248924443117
0.5258497867684815,-2.773288302429421,-2.2085311885806798,-1.5514079761939812
0.5178998967443208,-2.9360021327458865,-2.288308454083367,-1.5655719153614782
0.4206590767290256,-3.008515911139931,-2.5199363318045345,-1.7279108492387798
0.4793858684153085,-2.737900900992358,-2.113905916469797,-1.4132500598083109
0.4901723946812336,-3.06050129222034,-2.422387987316412,-1.5950773670459242
0.4774121842215448,-2.918634780843665,-2.335568245737816,-1.6304199581298746
0.4160861993428393,-3.0103457162553964,-2.35248003776495,-1.771693644747763
0.5303898686767815,-2.933327514218821,-2.473898701483935,-1.7171621040047704
0.4466695070892011,-3.0823705247816227,-2.514293417821473,-1.7814700809388635
0.3184356604297901,-3.242562417977506,-2.524872618821844,-1.7389944111765463
0.4090605949318125,-2.8893349294323736,-2.336216212229997,-1.6157763335927078
0.4359294282209622,-2.9477811555821334,-2.299534689206077,-1.6449217670669043
0.3735768747238518,-2.833815093773898,-2.278126803372119,-1.4947463158519645
0.4949481764047569,-2.935554095385065,-2.3076855129641034,-1.684920487808416
0.4907293289054275,-2.9052576945024358,-2.255763036810467,-1.5772074226103785
0.536246398923873,-2.756422407305044,-2.1584855858471323,-1.5017577897658732
0.2604718094931336,-2.9468686989245136,-2.486496808897747,-1.6709985258580715
0.4410583996481325,-3.122173679176212,-2.3872841464911208,-1.7329939556195024
0.3406851652320403,-3.134609352194551,-2.463917174431165,-1.8076119423909225
0.3934585592008604,-3.036821321965124,-2.386690442089948,-1.7379915477905097
0.3695282895989665,-3.0096244684875817,-2.371935851032624,-1.6906857914294535
0.4219056140463405,-2.912135735057269,-2.2674029499946595,-1.6427234916519473
0.4800644166017437,-2.831633805137087,-2.2456380321907834,-1.569230995008381
0.4555966453371305,-2.890954794789064,-2.374361136723927,-1.6679256720522158
0.4805363903470503,-2.8428370417440063,-2.2110857938845143,-1.6204780816869897
0.4473482260426916,-3.054868163247744,-2.424723657058919,-1.7486417381253905
0.3655218335758388,-2.9359529514822102,-2.284398251948756,-1.6701103201755034
0.3916320031248847,-3.244744262177759,-2.364099803195375,-1.6932564513326562
0.4466434719579377,-2.9761704762734045,-2.412167893356575,-1.573984687434872
0.3725465897183028,-2.905627941381828,-2.2512078098852144,-1.523909735318605
0.5010571680962229,-3.196384911199872,-2.439257977001701,-1.815598596295657
0.4888728178711994,-2.723369144773633,-2.064100124151672,-1.3427054657498525
0.4446517079987103,-3.008386609790344,-2.5457143525886847,-1.7298071547019136
0.4072293778572537,-3.051348484195356,-2.3884766200408727,-1.7458065926575892
0.5990804914291868,-2.939607878776462,-2.1812952407212864,-1.6228896997794071
0.505185608077464,-2.797170575729149,-2.1578603619758425,-1.4410616422213944
0.3550991769314448,-3.1915332683681346,-2.3879766119656165,-1.6880990722477067
0.4911889121828832,-2.9308124674477334,-2.302843823873027,-1.6670177257583678
0.4689668838107919,-3.241791702233087,-2.3772964840842365,-1.6936518804473717
0.5258370747510436,-2.746178612103232,-2.16105515664962,-1.5239943067305464
0.3932308937199068,-2.936526000265037,-2.3453348015049893,-1.677870178036815
0.4724408802627171,-2.9656306818850915,-2.277246535527872,-1.6228975091925786
0.4893741530566248,-2.9341262510977457,-2.2615925543075925,-1.5594199460889275
0.421734026031747,-3.1996934355969056,-2.33153668855704,-1.698624203745427
0.4356387218586651,-2.986591599383824,-2.340252949579979,-1.5745262423099624
0.4881240738681738,-2.806078701157298,-2.1606794733993766,-1.5202637224536266
0.394537624924248,-3.0906610183741825,-2.386723196130945,-1.742181482956772
0.5216506718280904,-2.877721626801066,-2.2756983843147114,-1.6391067383294775
0.3750076078031089,-3.2168196196736583,-2.479404104314717,-1.732037667062692
0.3814018667341839,-3.136620365428203,-2.33020609810192,-1.6631706410570877
0.4852378119686372,-3.0930893644336783,-2.4067717284793484,-1.7235632640042529
0.4274196004665631,-2.9599977172156406,-2.312783881423526,-1.5684100884896746
0.3540007683260474,-3.162539836437297,-2.5421406002747147,-1.889728351578699
0.4724035902987279,-2.7907868169625503,-2.094904607553836,-1.430918273199488
0.3787516448034331,-3.105232304679286,-2.2531069718113885,-1.6393853022488785
0.4107155383290024,-2.8426271961921072,-2.162872479438616,-1.4848042588536172
0.5073139893674521,-3.067999162117488,-2.445212447432817,-1.8268892741924208
0.4747864079516444,-2.899382185521684,-2.324285649975552,-1.546882149553895
0.4916261987055823,-3.1687026394248354,-2.393569141467572,-1.678465703071553
0.4539739428530115,-2.8192710136959938,-2.351932867977652,-1.6920316659031074
0.4459502742976066,-2.938106284498685,-2.2361077974878807,-1.5178134600837794
0.4068012846653877,-3.3148321799509595,-2.373047084813501,-1.6925898105515012
0.4358815295091478,-2.9756120299822126,-2.285310857106959,-1.6904430692354842
0.418966109710113,-2.8851617253660486,-2.303939934307992,-1.558413657897459
0.4462364739582488,-3.205832076576533,-2.4060147065736053,-1.7545893621414066
0.5056286627132818,-2.943585780011234,-2.2370068767274045,-1.602681069015616
0.4602964757493071,-2.861445430612468,-2.2534652063323177,-1.6139913937313723
0.3296093087565762,-3.1990795496806586,-2.513668886782074,-1.7238285481350084
0.4081854707841886,-2.984402868101996,-2.3433209629279204,-1.722452446790108
0.361541366976529,-2.9708588107604235,-2.427593956091554,-1.756590419542485
0.4479047899240749,-2.8188716717241813,-2.160538482087814,-1.507586330853882
0.2753068317937991,-3.092656769395628,-2.423256945847263,-1.791293722000612
0.4341910304918309,-3.118059213454605,-2.362102909732799,-1.7198193007390163
0.498267834463916,-2.8515187123394843,-2.0951074929419486,-1.4570251361287891
0.46676497699942,-3.0335420780253544,-2.378058289929704,-1.648757953788655
0.4085280987913448,-2.9335454603665405,-2.311901026222781,-1.6471614397072412
0.4790685698405205,-2.930363975009206,-2.245056136536012,-1.6133157620805756
0.4492887286013594,-2.986568460653225,-2.445543816000681,-1.7045400168706688
0.4180308276120534,-3.096739290441984,-2.447119992057342,-1.7412338102881504
0.3250617475746197,-3.0892751608221536,-2.489515688571624,-1.7353833210121292
0.5602818986788926,-2.9546885179613143,-2.3349180144917727,-1.6991373544240018
0.3969510172179265,-3.075520466329986,-2.4769530473948955,-1.7732218231506909
0.404585978893354,-3.0488509524685297,-2.435226097650054,-1.7765350753818805
0.4851851036467787,-3.0505233904905067,-2.468957901754519,-1.8470843140215865
0.381398872444798,-3.248978300969081,-2.48740731172799,-1.7350563110135575
0.5812994132168486,-2.613794180670919,-1.9862959055685967,-1.3850140295290474
0.4849682594834174,-3.2565322456887653,-2.511740869035024,-1.870614295380548
0.3740777169782667,-3.226868513427051,-2.492394327904901,-1.7856531412444068
0.3484585708535592,-3.19190919600331,-2.417519398471648,-1.7509960900010333
0.3949929320146096,-3.281933041414602,-2.4737131726164643,-1.8971967160225391
0.287982759257686,-3.0362814974440515,-2.374508901259502,-1.7048220097145683
0.3722806545858602,-2.9955511751432806,-2.508961994785606,-1.742265579102488
0.481924153185098,-3.1628416723630592,-2.2779961874582297,-1.5990796106290086
0.4302493378681611,-2.997129480145777,-2.2789665245265454,-1.606136352090929
0.4754605382892802,-2.8976335819696444,-2.2659415506483795,-1.5518321631583654
0.393366730814086,-3.15129944199086,-2.3264398857674338,-1.5537336170927092
0.4706067797725948,-3.0475366381718123,-2.500456901585511,-1.763297108110413
0.3927016273020545,-3.018079612585417,-2.2890504114390446,-1.5634610468506471
0.5670178013368359,-2.9020111324262934,-2.243335369353846,-1.5684698541754258
0.4191486046874286,-2.796873055380788,-2.2667309386461905,-1.4543504535291314
0.4866343686552283,-2.972292887707977,-2.3886154196660923,-1.728483223228892
0.4901894633890691,-2.86411490045553,-2.27670038548844,-1.6104600062077556
0.5216280703871674,-2.9500839206993943,-2.218925067095983,-1.613885014509684
0.5524750086250151,-2.758460311229072,-2.1230185819970995,-1.4003303685677402
0.4875287188529674,-2.884629336783569,-2.302207421387121,-1.7038747793492346
0.4272607080592381,-2.984635659177532,-2.297181297992448,-1.680096495905616
0.3004555471490962,-3.06417677327504,-2.490778472027559,-1.6527029469796095
0.4556409983839276,-3.075079429623805,-2.423813699763562,-1.6482691872126127
0.5078929432327001,-2.810613476321235,-2.259409560441612,-1.6664322142784624
0.3640170873787061,-3.174623649392593,-2.4584886404767547,-1.8046037094832648
0.4710711744954682,-2.8140824784584417,-2.2466351989927618,-1.5084900411441842
0.4652940962629888,-2.98408486789658,-2.3063180498431013,-1.53799780398207
0.3821707142846795,-3.049373691092644,-2.4020090626421204,-1.642508194979289
0.5675932791873441,-2.9053530425893053,-2.319096852456644,-1.6693809574038752
0.5060072719721193,-2.924911684502126,-2.3941954586573315,-1.6022023509844274
0.5717414946260098,-2.641689373986105,-2.1949728306253844,-1.4641659500150712
0.4615370415547247,-2.946975065034045,-2.394769880310862,-1.722463872855968
0.493460967930567,-2.818752476070086,-2.255620490592648,-1.5743236326280972
0.5004276036867819,-3.116730402579622,-2.384011630212868,-1.716134206066302
0.4847796140398216,-3.017661184820077,-2.370107220634465,-1.7050013909748447
0.5041447628477641,-2.947079178667344,-2.249550720222749,-1.6919012821805008
0.3897762164917958,-2.9233137426653064,-2.3260711187554644,-1.5442358153151463
0.4574615032315692,-2.830991657919075,-2.1844761640997925,-1.5347929557065054
0.4415964480644196,-3.0353031098618697,-2.3890325670341155,-1.6372756876524142
0.4071407217373083,-2.973187441243009,-2.2934589197898174,-1.675283607095336
0.4105809346403308,-2.943889789921561,-2.253224781660599,-1.522543733394673
0.3876605682744232,-2.908206057782095,-2.425689013640179,-1.7320017393213882
0.3770359064531489,-3.087297830734236,-2.451239271799198,-1.809206506175811
0.4538903477221577,-3.15552585624767,-2.506147998240776,-1.7673053657211055
