w_0,gamma_0,w_1,gamma_1,w_2,gamma_2
0.3576742825312234,-2.924314893922268,0.39422706672475727,-2.306581815538695,0.39234781337333224,-1.5884048334341825
0.46500118805055723,-2.9392450099339995,0.4788131273624544,-2.360288000863959,0.5067206853481268,-1.6675277863641922
0.4267179432807765,-3.05598653957022,0.39510130703397683,-2.3714187179014083,0.4124158375829166,-1.68823597491267
0.4324289498838916,-3.044586199831981,0.41544736716013686,-2.3434094281575693,0.44940090537451993,-1.6990615907913256
0.3289958207954321,-3.0600127023270765,0.43918985221393575,-2.3674602327930825,0.48063565818743176,-1.6358247221400048
0.4672473136156294,-2.8724513465472046,0.49347923785612197,-2.3018979314987806,0.4487228168057322,-1.6027858105202089
0.5684038803036593,-2.7859713572144056,0.5119415763699162,-2.2561746082377456,0.4659437172631332,-1.569280013220242
0.5374301619987392,-3.0600008961329856,0.40533339303081256,-2.4116314416930282,0.474904042113261,-1.7115705244228547
0.5437303031874409,-2.927514099517651,0.46849315098173916,-2.3246273274211826,0.48469952145872913,-1.6537357767234198
0.40482023887360546,-2.9182418680068936,0.46111491447737074,-2.367139917747238,0.5046629785522366,-1.6428921037812922
0.40638045378820936,-3.0005903785321193,0.44962186742884985,-2.348596023652103,0.4562283112924799,-1.6566328578112048
0.3655238797145036,-2.9815357410641563,0.46780325351563795,-2.3244980730939546,0.4871582495219746,-1.635693103998158
0.45245845915627847,-2.8852722403479567,0.48581183385891213,-2.199964873674302,0.43277425014040266,-1.5482784885709473
0.4000629135679174,-2.977588670727574,0.3587086038373321,-2.413625530627804,0.4001497039750299,-1.7139926772390168
0.3411601367743451,-3.0288278033991185,0.3733223878426188,-2.4520006104737955,0.428482816058054,-1.7109129579040414
0.4167820972537854,-2.98132886711587,0.47301195552361347,-2.290572279888965,0.4901672971124783,-1.5981194504522964
0.4513266003523886,-2.9700972332766566,0.45995977452260794,-2.295234995537507,0.5145960015617611,-1.5876350293730035
0.2761309979240501,-3.0792263066862384,0.39298354080175457,-2.3011535325181995,0.36960705195295995,-1.6394102805494224
0.4378219707061887,-2.948983649850971,0.4496437769183448,-2.313129645011041,0.44894918208338574,-1.6218971061877012
0.4530054293385794,-3.0034060584128457,0.44761054184032045,-2.22951375528784,0.46321030910836825,-1.548360311728198
0.44288461808867174,-2.964288698380479,0.43067804338937027,-2.3159869375650453,0.4343902640569901,-1.667846472482403
0.45684332183715276,-2.882389070607911,0.4596768794715805,-2.269195079488371,0.4525189320795151,-1.6259499340506636
0.4111051116720029,-2.876045817737698,0.42510404028686005,-2.3309826859363283,0.4063455447216345,-1.672950190653115
0.2768197347571011,-3.1609874205119675,0.3907874912588169,-2.3912610823088136,0.3963544847505688,-1.7255887620191892
0.5455654787896161,-2.7585768536773725,0.4542898045753622,-2.1598075144147293,0.46542562567953655,-1.4915645278216176
0.6213117560814839,-2.824104330621893,0.52510859757399,-2.20387652884328,0.5448579846023303,-1.540157830697195
0.5477267720911997,-3.010602443543262,0.48817013024140704,-2.3180627556549305,0.5204034690128647,-1.6515152118899215
0.5835955542474794,-2.780239191653033,0.5220785034272813,-2.210322275815501,0.5146020833734087,-1.5485494559562445
0.38266101591046675,-2.9180659329858902,0.42079403509884544,-2.2794679360858505,0.41988673862276144,-1.5803200297661661
0.517767197757784,-2.951373648525526,0.4019301328483841,-2.3176103655368907,0.4000582772163135,-1.6386084987658127
0.391572846566781,-3.018664622253261,0.3438233890972129,-2.34211045340478,0.43676966415082097,-1.590176005856107
0.4331646040926036,-3.1596288465011964,0.40309700388406994,-2.379268715149851,0.3803678645699655,-1.6800184141915895
0.2711114647551621,-3.088020528497005,0.467244924512211,-2.4097584316154506,0.414959221121487,-1.6955841475831288
0.4593724832859614,-2.9507956373775954,0.43265825198969277,-2.3189341520387887,0.47763359689315515,-1.6007331144454053
0.5206278322542074,-2.7918544456321275,0.48090080460815876,-2.224213424789121,0.5069014332490672,-1.547304913199447
0.5199395855704855,-2.9836115216995767,0.4266714428480066,-2.349897586092339,0.45148398325750194,-1.6070310139314667
0.4274743709966118,-2.97806422232903,0.41336509593468446,-2.2970843570171895,0.4236216081450403,-1.6442794871990978
0.5075719749634358,-2.842213073798175,0.4505490565454162,-2.1940931786956006,0.4691522874482461,-1.54060208090558
0.4917673857731228,-2.927670574952464,0.45965902493814415,-2.346840634223242,0.44429410809735514,-1.6525793309202097
0.48147216225624184,-2.8178030297745074,0.46876629283425586,-2.2851840290724077,0.4671326338683567,-1.585758225936479
0.5137092377629887,-2.8703764681913353,0.42750035445796897,-2.3078651812660027,0.4428022405963594,-1.6530449365026765
0.4538072763399817,-2.8886243149738373,0.4654278177774323,-2.262970089571798,0.4579171408318394,-1.5813615058808757
0.43491327122338014,-2.898064062533649,0.4922556853881537,-2.312869975298892,0.521836108691044,-1.6187980982677392
0.4763618362795637,-3.0428991038376343,0.40542198437280064,-2.31275394084809,0.42438692319844185,-1.683113780291574
0.5360618849529072,-2.9054440853562786,0.5626908883712685,-2.2880835488734217,0.4590212086510916,-1.568375898344933
0.5122462667021785,-2.9057162071304203,0.5024828178693133,-2.249646512045237,0.4803962413297402,-1.65455618162538
0.5472242094749028,-2.965315094320856,0.37208965994465276,-2.3786793457319564,0.4559617551915295,-1.6905983531449973
0.47760534921671677,-2.9974592383234206,0.42036445408907125,-2.4701394654010986,0.47358193743597354,-1.7476947031340953
0.3446171925873165,-2.934287444449876,0.3618748868636348,-2.2777781003328554,0.4373395409032578,-1.5405902171344805
0.4120790838955973,-2.9491716694716956,0.49932289794819523,-2.284304511064853,0.4963479516562138,-1.6341211146761976
0.3876094389382012,-2.9874889886821103,0.4258584819041003,-2.45599035724463,0.49204004269687035,-1.718071826561086
0.37791709647351535,-3.0477485480139426,0.46264982806436306,-2.3055383288948135,0.4082229335219833,-1.6424919868923549
0.500166181498985,-3.096804694843268,0.43307959787802225,-2.4391840589027787,0.43129786090727656,-1.6798697977079549
0.5481288673262232,-2.8020991639274078,0.5083985835815019,-2.186616945873684,0.4796550299225607,-1.4835517763571275
0.47204941931524674,-3.015072977022759,0.42044704073623296,-2.4487781891218643,0.4159998385615781,-1.6981452387931009
0.46640738804232496,-2.885962440073901,0.4326097667451057,-2.2949667441469486,0.46244978990137325,-1.5896103661624137
0.37684525119242035,-2.9180902526726804,0.377515923974353,-2.3161753017476445,0.447406000904893,-1.5988800772271943
0.42186597946278703,-3.097714930320943,0.3687734043668311,-2.4718292776640505,0.45977814826270375,-1.7230291122494126
0.26684629665771475,-3.0886019696508282,0.43966905808503337,-2.3411643591258193,0.42447587889936994,-1.6312041002939082
0.4565411919181457,-3.093967234442374,0.44118925693269184,-2.345658262446814,0.38411195662579745,-1.6897250504915617
0.4997583867682664,-2.9443288716708795,0.4210377885721918,-2.3645480644290577,0.4967892059492234,-1.6473285067687753
0.2387298495615434,-3.000226538112581,0.39595263087500643,-2.3350133907387813,0.40026149305913544,-1.6606850884013604
0.34387233877271867,-3.0059088523674333,0.44840307154354514,-2.319919145567532,0.441860412280962,-1.6399294968902198
0.44168637950648443,-2.986780353392574,0.5039423552040478,-2.3271789406111614,0.47203822659756545,-1.7272884840393363
0.3791687979397212,-2.9782438222567786,0.46161698399495193,-2.306324405359175,0.47832957548868527,-1.6234101746943235
0.3890090522384611,-2.96933559495084,0.4145278990014845,-2.308654913196926,0.3969338201975901,-1.5855507834769411
0.5768024839056479,-2.830187985223488,0.48865386090800583,-2.2520052910293566,0.4818139051056475,-1.6163037071888755
0.40935239462098927,-2.874426858344288,0.44610769738619815,-2.3710300776852353,0.5010606165660564,-1.6451767439304839
0.4159450162254583,-2.979882487269125,0.486575065115235,-2.298919478545365,0.4055957522874735,-1.6691374457836368
0.3477064928791755,-2.9646731262436563,0.4948603876574214,-2.2856490319456424,0.4838785919443997,-1.5932790419102498
0.6341664359641237,-2.9064310523242813,0.5133438587097536,-2.376109044988665,0.46558491269111,-1.6620151435826902
0.33532974296061074,-3.005270968899429,0.39726033799236277,-2.339960752879417,0.3872795600768101,-1.5834926640645322
0.4278596538587862,-2.846597083432755,0.4878103567429068,-2.203195358196907,0.5284824339813596,-1.521689652480431
0.460837093429748,-3.0334577541666645,0.4837960872376255,-2.3453877153565,0.47042853363935166,-1.7113880109942958
0.42138991701125367,-2.937299942145279,0.35562331079762743,-2.394798425889414,0.42694780126098997,-1.6514175601091472
0.33087013785490976,-2.9382106339952236,0.3420012326761891,-2.320474728093153,0.3728588367759987,-1.618107443292411
0.3938867778403637,-2.97490193142967,0.4297897328527004,-2.3586765129784384,0.41244421461664177,-1.5950382247725088
0.4162972504844077,-2.989450436806271,0.3817557577286819,-2.3806699236143696,0.38586934797890887,-1.6698061416367604
0.5138104363072933,-2.9580095091838623,0.486261199746487,-2.3146894384745678,0.5174582000350672,-1.6881966898058447
0.49575074040410333,-2.8671252804912437,0.5216587987117798,-2.2285877948024515,0.49566151384012813,-1.6312487901274821
0.4312358359554649,-3.035460139329454,0.44756584512398145,-2.441529397358413,0.4407584386702342,-1.7326366375506579
0.45565774460214453,-2.947196343363613,0.5137257656298515,-2.252955972931267,0.47584397433909265,-1.6620435278660621
0.4752047326908924,-2.9707325600854895,0.525814300146797,-2.4021126299459445,0.41741612223607255,-1.7007247245123787
0.41747336031015414,-2.9137600608448566,0.4844408210263052,-2.2504014851944567,0.4493995023821356,-1.5553131465862358
0.4255949262650545,-3.138324310541524,0.41476117682517005,-2.4160976590495444,0.3694430771635511,-1.7777613877423044
0.3844631881268633,-3.005957791858601,0.4340941738474479,-2.297749538042878,0.46984159502131917,-1.6364327725989285
0.4683811699921176,-2.894335912461642,0.5095271781272583,-2.258896428990577,0.43318931803326244,-1.6310126767802509
0.5107312018059376,-2.787077623147855,0.5373251941326693,-2.2169336107461106,0.5490019392879376,-1.5373289930764618
0.4205885649246541,-2.987825390552768,0.47924874817411683,-2.2519050120781774,0.4174311314420426,-1.559457932993632
0.49292237746655926,-3.1751315667629885,0.4061225023597192,-2.4186758350514084,0.4610929522484779,-1.733472156500183
0.4510584497882347,-3.0488703271664055,0.36900429528486617,-2.41986937158368,0.3499732407100638,-1.7458902110453522
0.5144597295750958,-2.8775437203585574,0.5617366971771331,-2.255306905139826,0.4548054574526856,-1.6820039264659032
0.42011794237586936,-3.001242187380259,0.4154135374769991,-2.297742235036169,0.4208536716175229,-1.641521135701288
0.431960528104291,-2.926518253759317,0.45152848069172785,-2.3167230256624145,0.44985736621761846,-1.6418605661101813
0.5322196707999587,-3.0898038060877067,0.3897682955012587,-2.3575970597568583,0.46827325818576804,-1.707456477057296
0.3104212382839462,-3.1846616174303497,0.33188928209034646,-2.4514581310652015,0.38020037694334824,-1.793918676374565
0.37268301763314804,-2.947633565789444,0.38222842638373883,-2.318437748186314,0.3812689645851311,-1.5880529108309018
0.46491432235194863,-3.0224582300247445,0.3833184114658275,-2.3998116593609056,0.48514235933913114,-1.6887714522853299
0.4577671301685413,-2.851458985361108,0.456695856035573,-2.2803302171284345,0.45602971521909824,-1.62769494138386
0.3980351406465326,-2.8635521228496725,0.4904915593100847,-2.2198950616949307,0.4543149352669402,-1.5707991922931288
0.46958425347161953,-2.8981607349406926,0.45260124148621844,-2.2953921489591367,0.508292931002256,-1.6352835803790342
0.6131059369086986,-2.7954854875272783,0.5567899559961796,-2.24264411664875,0.5112203366818796,-1.5974182925779177
0.485663121643905,-3.0084254745256365,0.4696601706500061,-2.350729834008517,0.45084108785245075,-1.679808495671598
0.5109646133258734,-3.0530061061770497,0.49392829892491563,-2.383818605843781,0.4012064498344808,-1.6907570199984867
0.4778723530443882,-2.9110559589084026,0.42751599435572857,-2.3217970985744545,0.42586464390990686,-1.5916705295381313
0.48080010812897345,-3.0601011140130763,0.4173529346275715,-2.40396558430836,0.4127074114468119,-1.692163652407165
0.4455379311262795,-2.9065101192502643,0.4868413252461383,-2.2496458093774137,0.4504394792829443,-1.5887096063956845
0.4970730233824246,-2.9912834622476656,0.5274947694823428,-2.342276859248523,0.48231279301158264,-1.6839151380715156
0.49368524647017964,-2.9749288909824623,0.4071027316427091,-2.414827364841248,0.3461544736023149,-1.73719939681851
0.48857045488411255,-3.00695704023153,0.4367239652842648,-2.407102026767437,0.38848345728146877,-1.7164779057582016
0.4354759363283962,-2.9361931716543825,0.41632151660997513,-2.307310244641847,0.4263536971225155,-1.6882401498810118
0.404483615165191,-2.9668783987684373,0.5307565722635812,-2.2939294940286348,0.4762442235017767,-1.6690113122385535
0.35442666354018215,-2.951275001430562,0.4815812870413424,-2.264264160053483,0.48434714017530867,-1.5980400147364835
0.3061132424131154,-3.117902777789397,0.4143662722346233,-2.366625626127244,0.41374922093041927,-1.6987271015431353
0.49065644575971623,-3.0028821732512445,0.46290043131515,-2.3731957666223753,0.416599629169293,-1.6719192833057446
0.44856918252801586,-3.0118549058900865,0.47706225907253763,-2.3706126817490074,0.47819353867480274,-1.6931619218362224
0.5243194942116314,-3.0941995627477192,0.4220062266892843,-2.4283903085483067,0.43146426080624006,-1.7896850341125605
0.42309976126803567,-2.994394370072607,0.5061258319942129,-2.3699532958649003,0.4957291028452639,-1.6394701783188734
0.3807912157971624,-3.115971143203232,0.4197580934155085,-2.412284339691714,0.4389810444885771,-1.7248447145666952
0.41597265916899423,-3.027398127502141,0.4422893576370973,-2.3403223177913173,0.4490722815236729,-1.6904180206712769
0.4334379287166738,-2.8419541172458054,0.42791940909569925,-2.2902717520191045,0.4118502542130074,-1.5589195343293132
0.42072002648627843,-2.931295550709978,0.47901904422232494,-2.310960403129095,0.4712750205632027,-1.6617079241817443
0.31473155037927136,-3.1076992230948868,0.4134588345940517,-2.435867637051714,0.5058189299268162,-1.7158216179538288
0.40670957709784267,-3.007797108672819,0.4807770251479551,-2.3665669390407205,0.49898624622078674,-1.644645175115316
0.26539090098755336,-3.149376790044118,0.36974594727151444,-2.3931358308524806,0.34759484127861584,-1.727614817376878
0.4867300037836913,-2.934074855964215,0.43548357837149554,-2.2845378510762555,0.40617141752981234,-1.5982521051148086
0.3002690267531456,-3.1166543292803732,0.39492515243294507,-2.3565033999526555,0.3866388011638004,-1.6935277839322544
0.43210774245666506,-2.96767231646366,0.40266062701763433,-2.337138243821212,0.4776124821185735,-1.6551931517379457
0.5308679408852738,-2.891934968263374,0.4030118159637478,-2.2781788279725,0.4685068448538865,-1.585960048559985
0.5142275496946438,-2.9695794960976483,0.4123766969554329,-2.3041673999097556,0.4467397901299282,-1.6175697335767172
0.484337874437605,-2.9089330878935376,0.41340617635101823,-2.2825051890305335,0.46629387310329345,-1.6112999926175013
0.4560260683850591,-3.1380899783467098,0.47857949355311574,-2.404123172904636,0.36409785932886,-1.7436972326843327
0.5088510750958735,-2.977871749643706,0.4752375982120588,-2.3512160695617412,0.4896132838508571,-1.6505253210283934
0.45594185306935914,-2.9160792438309335,0.5051441045577775,-2.2617997587916463,0.46507760013572197,-1.623632181684573
0.5501076893596408,-2.839845706704633,0.5010828738332092,-2.2903328210752907,0.4556715853685159,-1.6230399344425022
0.43329934708652845,-2.9709131505792215,0.4219501686498884,-2.322925308018852,0.44104188023649715,-1.6277213826902774
0.44214961740207437,-3.1505889340578106,0.45314318192192454,-2.3613664063806548,0.4725420079421311,-1.7224902057483373
0.37263665611763647,-2.9433281296373734,0.5178488607538279,-2.272648234904257,0.4244514342858603,-1.6067929323667776
0.404557717455291,-2.9071468188026577,0.45171117421899165,-2.3190323415171266,0.45823441963893097,-1.5951958900296421
0.47578412507629947,-2.8892453459285434,0.4648372266216948,-2.3098121178662394,0.42810900230859233,-1.630547093350778
0.4767669221534875,-2.85420954508734,0.4767600290567759,-2.2955670652075653,0.5087843346291838,-1.6620510641289832
0.44288476270463956,-3.0090379086645918,0.46340424260794993,-2.3647150313646725,0.42753347075365256,-1.6567438440975888
0.40060240075029235,-2.9337296989757915,0.4421657676750391,-2.355199974089159,0.4525380419451898,-1.6973578916101153
0.38927801848902555,-2.9305697222720326,0.4485583064920402,-2.2475325341333527,0.4315200282904762,-1.5687073091176384
0.4833218565587132,-2.9957045022102275,0.44285646298841036,-2.304483174986997,0.4247355415166464,-1.6155652350205765
0.4390093965034319,-2.898696147782935,0.4838131116186131,-2.342243211300375,0.3788493771582379,-1.6603871727353239
0.4854907331753399,-2.8974020923853554,0.4511518513013386,-2.255979720521092,0.48965034246674444,-1.557663081692358
0.30448132476258766,-3.224425387873261,0.4194393126197878,-2.471457985673466,0.4205169596785224,-1.7796968160918147
0.3763470544749818,-2.9897110110321803,0.4325108593396033,-2.453187374658012,0.474271440919249,-1.7145332011769367
0.45206363211050515,-3.0327531732104864,0.42240391978821096,-2.3542654236255403,0.4459668842205534,-1.659274305618685
0.47716269857172217,-2.9567637717674877,0.39735380372096984,-2.314834792338103,0.43971235775994516,-1.6091834386630959
0.4427501751196663,-3.0640120662699495,0.4646316005063959,-2.3389551328057703,0.4695814917207293,-1.7283086422665965
0.4259809167143262,-3.0040186350412483,0.3854927713942868,-2.3755740138254287,0.4382169919514184,-1.6792323294661693
0.4123561238181045,-2.9478931984895405,0.4079364954484833,-2.3278118086487183,0.4191195227383127,-1.5726958778496731
0.4541361946342681,-3.0233210951750653,0.4318283731094633,-2.3984228197688044,0.41346523800159335,-1.697068014498764
0.3283490004945831,-2.991483463549508,0.4554530932942039,-2.32146547147716,0.4568343964127426,-1.5696435853417368
0.4087697774739329,-3.091088765129037,0.4066696902962088,-2.4512201234587265,0.4490650386608298,-1.729784555563543
0.4951874831652061,-2.8237737240714735,0.4858334881274789,-2.300550103226499,0.5039592186052937,-1.6101711986828893
0.33879386713841764,-3.115434598841216,0.35875862753362137,-2.3949419738293263,0.3730317582383978,-1.6416613187613778
0.43760234721005914,-2.8225754803419205,0.4780139641328431,-2.2747390608683555,0.43699598112480115,-1.5733612876902492
0.45910110364251644,-2.906894080875173,0.502902406595821,-2.3073579187422877,0.4544527875100096,-1.6385045234265958
0.47465954245851677,-2.9749724007223923,0.44843072651487625,-2.3099315294335088,0.48249884330981013,-1.630552629125012
0.5107104828353876,-2.9065923142882855,0.46599310335229477,-2.373837778854632,0.4505068051115262,-1.633956077840762
0.36633891504633254,-2.9586512482331533,0.3932224033828868,-2.24951333235707,0.43058912042192077,-1.5290849502374946
0.33938245930942185,-3.18309802678458,0.4115764879398741,-2.472831596131974,0.4107096819979954,-1.7445644515683667
0.5096223140707918,-2.901284273795231,0.45837962095916995,-2.3047897633439045,0.4228387840040283,-1.5958343720005503
0.5494651608820523,-3.0501003120691905,0.4512692787828705,-2.36080860822244,0.4149862555417246,-1.6867345147828594
0.4626990695525556,-3.1578811749213536,0.3939584030508956,-2.4789150030345617,0.39903425160247036,-1.7580626795276066
0.4251471683277067,-2.950415103497555,0.46974487705796236,-2.2968871964847857,0.4908741754271947,-1.622989294641033
0.44600696253087346,-2.91906718332653,0.4897280740549732,-2.261090575147381,0.5113431397029863,-1.610633630812768
0.4249297369192513,-3.050641051454006,0.47534941076758097,-2.401041103443023,0.4595277453472252,-1.6324430246204202
0.4710573213750592,-3.079682718218619,0.4133258080373488,-2.3631476580373825,0.43080940691789665,-1.7334001488977688
0.1911664225130945,-2.9542901463586024,0.3479739984240601,-2.3615602555448496,0.41613901065662223,-1.622890264570516
0.44654946373036153,-2.9709663889883395,0.42668467466691506,-2.409946022510415,0.4486895944230742,-1.7014179422855238
0.3809112441982795,-2.871367919988381,0.38228464956105596,-2.3044811870506314,0.36758523215405275,-1.5963575460126342
0.3765742712847022,-3.107831960286817,0.36605690724045253,-2.4348390904810793,0.4142267757431259,-1.72872955994915
0.38603743138420576,-3.0393675249800274,0.4779714668479072,-2.4407784209414918,0.4093255353890404,-1.6996342041461143
0.44811900740289856,-3.037670987963835,0.4227248178485618,-2.3840066176485224,0.43812794409294925,-1.714660906905016
0.4317730251875524,-2.9749416686097616,0.405231585997884,-2.323991021182996,0.4447520265754859,-1.620763584216691
0.4815900360013532,-2.9201937855213282,0.4411751732154385,-2.303870242147482,0.4335773091264976,-1.6654058618392544
0.3643453032534204,-2.9215648687111786,0.45095114700376104,-2.301284507924035,0.48415091666073573,-1.6150412932343277
0.5218948147921719,-2.988938470062428,0.41663418315462497,-2.369224291658593,0.45930835230915285,-1.6574449755225722
0.40821240039868284,-2.8874354628262062,0.42645136444215404,-2.1884068911146293,0.49821754958907005,-1.5799272259201504
0.35330751052180925,-3.0559731420929817,0.44399067772221834,-2.3978633485461684,0.4371108516491545,-1.6656606614924083
0.34171435303200987,-3.0084126856012166,0.5305344496407164,-2.2532516761740125,0.4378869820417005,-1.6456088772192605
0.17041105384341249,-3.139566543185411,0.35289339163792716,-2.42570324828412,0.3987958046557302,-1.7435800516905953
0.4310254323522546,-2.9369145823653797,0.4106551399002945,-2.26941659751976,0.45925885652507675,-1.600725447523386
0.39360359890618424,-2.984642812429531,0.38230616990574134,-2.3925632075577887,0.47703252873931284,-1.6270519201058649
0.44190005767362556,-3.1008069425658746,0.4780685540334831,-2.351007015983324,0.38850675909343346,-1.6795343514778627
0.40463139796819875,-3.0055146727734496,0.5086381930037696,-2.4453552555955613,0.47811488540760133,-1.7175391973170662
0.5688062306780525,-3.079319843389787,0.4896299189314473,-2.402255423793738,0.4752319631077954,-1.6982933608322819
0.5103533257341366,-2.971055543470285,0.512933594904583,-2.4195736638721943,0.48292511589734843,-1.71229230896794
0.4306541171474747,-3.0573694224234274,0.42960154865206895,-2.3506025465466194,0.4583823138556513,-1.6742479505154912
0.5390774490209526,-3.087346748965542,0.3438665918496618,-2.4469339915657735,0.354547360072311,-1.7592647399934425
0.47317293252855785,-2.991975286432716,0.4109137818008177,-2.375840267653413,0.4745476662920111,-1.6505269583534716
0.4192839128273752,-2.979288165488099,0.4212246321488298,-2.375858266495118,0.4388050008402571,-1.6392420599435502
0.5080128836222538,-2.877923276288983,0.5101494246103379,-2.223488817821527,0.46965080869849707,-1.5919921439323292
0.40419157833206387,-2.879317446973481,0.404478669149093,-2.251627308871592,0.46991138842955854,-1.5678309391777816
0.3938508073628199,-3.1216906017791035,0.3986626242946855,-2.4220402357559605,0.41028306464885433,-1.7455926398144763
0.41297270558292254,-2.8580839272889578,0.4301290280107308,-2.2194645175378453,0.44096064289012266,-1.5624185995424205
0.3845291988413738,-2.931779634976704,0.4464122334818288,-2.3086094338980248,0.43218501880740584,-1.5795851713087146
0.44121255630239026,-2.9548935404880003,0.37697323129838184,-2.37162423714368,0.43176530229120635,-1.6504466838640044
0.48218694570110493,-3.0657640984538874,0.4565319040235676,-2.4182315483355334,0.4612933486834162,-1.7623422473221773
0.4156914285672519,-2.878070041112453,0.4682766948617703,-2.2627202993132602,0.4461556129330969,-1.5487030333842227
0.5046054119721017,-2.905148352907836,0.5124810864757562,-2.2462778858020442,0.5034086235398554,-1.5807781861505226
0.4670415534786776,-2.9406300756542643,0.5063721418982832,-2.309813216053243,0.3987085478538763,-1.6487671697717174
0.46906189215639255,-2.929253364707847,0.511648986093045,-2.218333182731954,0.4934722123302957,-1.6362080836484114
0.4877930492245509,-2.8743842072661154,0.47062419170784897,-2.3119178701338665,0.38658449194483463,-1.6576161255927362
0.4546269418594742,-2.977035630288967,0.4415963764443111,-2.418115020723679,0.4463241240925947,-1.7322223590636854
0.4975177085393247,-2.941611559612586,0.460775343774576,-2.375172853798215,0.4058853126788238,-1.690827783600855
0.42522624818216354,-2.8994975996192682,0.4652691618286455,-2.309541194123153,0.46052242866376564,-1.6107507279662625
0.4986488348024641,-2.944770255821301,0.4587493822562571,-2.4217677047687047,0.428120989690566,-1.688887848344416
0.3464737240001471,-3.005721777478004,0.43587570368540923,-2.3589464612263913,0.4753035093791922,-1.7118653378419297
0.480149783044674,-2.9524838750723656,0.3996092593269564,-2.320470495910689,0.4189033066442301,-1.585865578821652
0.4681726194057916,-2.9969845912740265,0.38126186032508436,-2.445538520206744,0.42094060886612045,-1.7467662790437983
0.4732144437625909,-2.922581544291732,0.4749511905488718,-2.321287938876656,0.49663154024063544,-1.6431506023675786
0.34758731742879156,-2.935489023531273,0.41911302031318903,-2.3386426825295703,0.4331265226803245,-1.635002452152002
0.30129946121938744,-3.0286597050677377,0.45342771971371004,-2.2919728867334097,0.4230313892260739,-1.6068278018366917
0.4593283795983249,-3.0010345172564605,0.44679986825234264,-2.338024162696697,0.41277738078357096,-1.674491333500039
0.4084783072776336,-3.125493119656907,0.39808688594876507,-2.44527745765837,0.40606126188129954,-1.7138400101598337
0.4772590777594686,-2.909172980443609,0.4762795847558666,-2.268310354826956,0.44560016018349397,-1.6470329950143276
0.43541374898540874,-2.940352948012862,0.479443945757539,-2.348970283908059,0.4631224512253115,-1.640567384500663
0.4111856582311934,-3.036197546746904,0.4578199187447647,-2.3404817423802027,0.4570569163886738,-1.6833427585378968
0.3745643806276377,-3.0936044478522082,0.4219916933350083,-2.3670229284886406,0.4442964031958921,-1.6895272385684605
0.4867905987522463,-2.9121072592286303,0.4495994687777608,-2.2739345277664027,0.4833290747217749,-1.541766032278602
0.6012464710322635,-2.9083995964363236,0.49928219373721416,-2.274629390515613,0.4711462038647301,-1.579144398432976
0.4171975554516313,-2.949357213825457,0.35864510373004804,-2.3092617711644112,0.47934360658017583,-1.6140892492910954
0.4765902117797758,-2.937546803146188,0.5156357329392015,-2.2415897149940913,0.4694253176241326,-1.6225714951657493
0.4189706521778509,-2.93354619728998,0.489953603946467,-2.283961514181246,0.48291726188315437,-1.6237415760695726
0.5528440921052722,-2.7293589372264124,0.5338237001735338,-2.1708376749620775,0.5144355393580546,-1.550695129835346
0.39476850852560724,-2.956833140546654,0.48390234806543,-2.2311130109978845,0.38249666680556954,-1.6446748499094783
0.3877987704966272,-3.1816575542629146,0.37072417609058195,-2.4621856979206083,0.4753810396000666,-1.7184681492215435
0.4589936982840636,-2.950141531786442,0.5459326786006985,-2.2683789557972442,0.4715623757802292,-1.5827056305151939
0.4697760451260545,-2.9214878169027343,0.3990966054461159,-2.263228234542716,0.44601355456062797,-1.6401581119184996
0.4599355097591898,-2.9390076896807695,0.45803183139213755,-2.286957764108555,0.46619120532330455,-1.5689457600722012
0.395557390140981,-2.920485105556101,0.4387164105220666,-2.2671061558662116,0.494699102314696,-1.5941466120248642
0.4425015463347968,-2.933659167193032,0.44232455948378413,-2.2525531327757102,0.4835684004596249,-1.5987170321872661
0.32359181099451423,-3.1262917200471914,0.43846570281173375,-2.4126177124091623,0.43594082912896687,-1.7123749306758216
0.36129785488787103,-2.949170021529074,0.4275843055420285,-2.346607684343146,0.4181710510884542,-1.6429527257597942
0.4654743986199174,-2.836768219015703,0.4835970006248231,-2.26077318037208,0.4862760818922811,-1.650264648863339
0.5039962550407612,-3.0875131030007936,0.4799972091869142,-2.4133979264768417,0.43547344791905024,-1.7450526821954617
0.4917546815310924,-2.9430488287417025,0.4417295298140027,-2.384307245722287,0.4700169814898213,-1.6514015988538162
0.3798658058282255,-2.9904556949052834,0.4079757930014676,-2.370223890417969,0.4355244757655813,-1.6311871391518273
0.42480251039329686,-2.9763871896180563,0.42394324927327826,-2.3426250611884414,0.3624539066737654,-1.6698252424301023
0.34077649142961963,-3.08083785070281,0.42618794878529387,-2.35921075418897,0.39212885187163354,-1.6609965133049247
0.4266251711283476,-2.9929704645984008,0.4596017992724742,-2.315401267132891,0.4414632210369212,-1.6810306169818734
0.39873059806209704,-3.05933753918256,0.37830637765616637,-2.368442536360189,0.4172548471602451,-1.718451738008386
0.4463877666681233,-2.992418945456159,0.5109634499623484,-2.4010289766097794,0.46266024564013114,-1.7280132338994283
0.30894430040210596,-3.044590719494303,0.41882302879529587,-2.3782002820788035,0.420390705818034,-1.628139336401908
0.3666367215574484,-2.8610629031001604,0.44516858734891773,-2.2337283899772387,0.43095195614268406,-1.5186067598893294
0.5883841570895405,-3.091898490300278,0.4287741738024483,-2.4228414999580905,0.4377550669702564,-1.7710516319347827
0.44874526611788795,-3.0428709688699898,0.3862455482484834,-2.3515457330133533,0.4604325340341768,-1.6349470199782883
0.46368066628501925,-2.8206443386092674,0.45233196290629896,-2.1993999045865147,0.4833286745098435,-1.4649555595016455
0.41688375063837146,-3.014368998090679,0.40497971080032125,-2.356455284627713,0.42288893006533473,-1.6416133613242971
0.43565389730882126,-2.9536803224305235,0.4502774593541332,-2.295793570444377,0.42961148572961827,-1.6423005325020499
0.4483135821391386,-2.958629045101705,0.42732815583303047,-2.289215690134028,0.4811480706924784,-1.5781924681553046
0.5054842326077165,-2.9204133634584455,0.46513475487365913,-2.306979751146908,0.5035679059844937,-1.6395611279176465
0.523885013623707,-2.7888970623578793,0.5105810773330435,-2.27348468551839,0.4348893045005904,-1.5725978550448578
0.3607210459670631,-3.028212075071805,0.418596404856711,-2.408984286295799,0.38990378665428915,-1.648084205291704
0.33098014458371594,-2.98583797288833,0.42799292751960893,-2.3512179527503054,0.43540885422026104,-1.6412184468305022
0.5066353025471964,-2.9333576866243334,0.43532549702415646,-2.373664160667371,0.46727271728021474,-1.6743289877016592
0.40653246990478287,-3.0003603721225094,0.4464696357044079,-2.303351393745012,0.48210242893386623,-1.623306405812167
0.5246901641930762,-3.0441852759406687,0.4563501080507019,-2.3539813072199673,0.3714290149527799,-1.6963685068411867
0.42346786142024784,-2.938315445543069,0.4809191619392007,-2.363379037715246,0.4798648098945897,-1.6697436429924006
0.411083102081805,-2.9502235833149677,0.4250911714750289,-2.3428954502184243,0.42797182020458796,-1.7114263526217968
0.3170668978992281,-3.044809741719555,0.4676276949458105,-2.365720209060421,0.46718349274583937,-1.6577694852112776
0.384290306850373,-3.000750808710241,0.48038715353287353,-2.30854291705379,0.42551058835230604,-1.6265476343663383
0.5169274870484044,-2.968757960857888,0.49636841090893535,-2.393350575532365,0.469288328987629,-1.743537925815572
0.41690207341686764,-2.9090789963490846,0.43577003074554543,-2.2606330321096197,0.43360039380143756,-1.5830798146696152
0.5021788942808719,-2.934097863334708,0.45783094272888536,-2.273675245446257,0.506395641207049,-1.6653641364862357
0.34608432991041393,-2.9729538927280843,0.4514681407828549,-2.3468092895206647,0.4681371205907675,-1.612406394468265
0.4276518816949405,-2.8084705101486556,0.4093539930829034,-2.2386961983305906,0.4452342929362626,-1.529421386071355
0.4782810047203257,-2.885426970862603,0.36844338254658565,-2.3249852357791982,0.4063747317663799,-1.6611901267260094
0.34514049828578147,-2.9782690047566995,0.3933057268378664,-2.3046348472842646,0.4106972277667485,-1.5816004831575696
0.4981525372801823,-3.0051804506598225,0.47659108922008475,-2.381022476979981,0.4245762471912989,-1.7427474623749708
0.38975277498858374,-2.977332203439726,0.43816092007789503,-2.3607973950747834,0.4402498033962073,-1.6395935470896719
0.46469333332279655,-2.944578308166815,0.5007320454822355,-2.3039351032756588,0.4355734433792399,-1.6109273612180264
0.5010700544006117,-2.9708727289350723,0.4440483064380021,-2.3347969741072223,0.4186527419132838,-1.6325153885325174
0.4006919267742292,-2.919976658443152,0.4127454381581106,-2.2246342856216765,0.44280783133418117,-1.5478885325080076
0.606309962352473,-2.902770474199835,0.5195912610576656,-2.3247172103013365,0.4908821188511919,-1.5640675150582708
0.47938568168007856,-2.896119616629916,0.513519443040874,-2.334555412986914,0.47560913453490566,-1.6314023755222595
0.5175299124318508,-2.831097417008876,0.4817533968999013,-2.198759479846152,0.5171202281381062,-1.5463032509804513
0.4253716400819868,-2.9979876118159514,0.43996616589473175,-2.4049588628246674,0.4528267961516661,-1.7020855747297179
0.4484107491231983,-2.8428934645534025,0.45770962056292264,-2.333199653756035,0.44148328502357825,-1.6257295705118935
0.5622179093079824,-2.776772989373826,0.5685837630323055,-2.109514560661497,0.515935698781105,-1.507157634812553
0.42325617048391107,-2.983295287955634,0.44620466894538297,-2.426191301402869,0.41579153686535214,-1.7202725768208322
0.5971000417726202,-2.798866274762661,0.5424563157231157,-2.1620019046795345,0.5310470823763658,-1.557315214992665
0.4467631949522927,-3.046189800696105,0.46859254005807355,-2.359367732448041,0.4448234916534982,-1.6434403560310673
0.44532328884598044,-2.9361353350728177,0.46143520530497967,-2.256082537354677,0.45274983540817,-1.6183285722599163
0.4380898408898207,-2.915466792802471,0.4501520274710478,-2.248619812690546,0.41157496361516704,-1.5611767457181902
0.3722577846448372,-2.8712550558113605,0.4384976202659463,-2.3081171682462607,0.4401269659715869,-1.6590052267383324
0.4175618409204019,-2.858387569170414,0.400871302918545,-2.3398196460845004,0.46342460334913854,-1.6190912811658256
0.49253720683099966,-3.066964444788786,0.45237835607758203,-2.268691636716745,0.4226492968210766,-1.6489555963237856
0.44588948392733946,-3.043245362200924,0.41679692891665987,-2.4255464855087903,0.44519388191965376,-1.689199577987675
-2.2495995643342844e-05,-3.186868887895048,0.42685166594751955,-2.444739946284373,0.35210699458354,-1.779515845769009
0.4568350600857032,-3.0664964180942684,0.45121051357498176,-2.3362343764099047,0.40594892251152054,-1.6418128983801845
0.34098298967511775,-2.9380001317148854,0.3956355471480934,-2.279110375005935,0.4148318824986759,-1.57354981183339
0.4280911667869065,-3.1007991965042123,0.3901107546303604,-2.412444904496085,0.4147615024828023,-1.7310117009840935
0.33353543381877326,-3.077177339428897,0.3680962011009037,-2.422959742163807,0.3284102235820563,-1.6961634819689921
0.4652614291780901,-2.9530470560825917,0.4992478171456413,-2.30755189901987,0.5083140522372909,-1.6352748645099067
0.4954664305693023,-2.9482615686853544,0.4424834483979029,-2.365113203078345,0.4129512241429946,-1.6405991701869798
0.45586339141993226,-3.2141094782010913,0.39792463687806556,-2.4456019119534185,0.397807383982132,-1.7365683332197823
0.49289634433443674,-2.9243613010932723,0.4379710063700314,-2.2910722544842255,0.46423776517612114,-1.6521601741263754
0.37849488605599685,-2.9220311352665553,0.33775972378245783,-2.384036439571383,0.36109506696506827,-1.7023719146751424
0.4220222774439881,-3.016441254525353,0.4062107285017201,-2.3195334746484613,0.46110085304212883,-1.629821746517397
0.47249968534735615,-2.8904339862206423,0.4419368401344162,-2.2318935718617463,0.4448586850751749,-1.5118265124009242
0.3861971144758731,-2.935373339698278,0.42650712929540474,-2.353881132013705,0.47124508204502813,-1.6369354335005433
0.43084952439164276,-3.0085032829028093,0.3197177030107524,-2.4139089212832117,0.3739303765681137,-1.654909795540546
0.4766502865349529,-2.8706528425391387,0.487112267591007,-2.216622926189295,0.4461557940635348,-1.5201761924891553
0.5566490163465542,-2.9217256177436224,0.4925119191630185,-2.318112974488105,0.44320178593205867,-1.671732259332743
0.41517270182849525,-2.9065939554837894,0.4048259817130163,-2.2989602739573756,0.3619863345567032,-1.6124621696972339
0.5188054673500676,-2.8861339734753306,0.43284356795553164,-2.28204950342522,0.45075050533225364,-1.6740531221366188
0.3499776516227285,-3.0457914286634247,0.46723687956404536,-2.361345019850567,0.4290422955516569,-1.6895230906025802
0.3765742712847022,-3.107831960286817,0.35381873107629175,-2.45995486918004,0.3815701733063654,-1.6697377683286105
0.5547774627517381,-2.837374291445416,0.48218310118172886,-2.2253123911374533,0.49840528531201356,-1.564207713565632
0.4035692963367854,-3.0724856408703944,0.3955734337400591,-2.440676583211575,0.4023677855390991,-1.7189942304412342
0.4481803436905454,-2.9500357237031354,0.44845874594592916,-2.2864951631530857,0.5070499180020824,-1.608932992008527
0.43198091741903394,-2.9381896724358723,0.519366069066579,-2.212596232572907,0.46516040484682014,-1.5138519459426931
0.4595635213753058,-2.9538822246249836,0.46215646107681324,-2.3612255264376296,0.4149177074766909,-1.6617614857053573
0.47083078628334746,-3.00332998221113,0.45883753297692675,-2.3724307159917872,0.3483479156638537,-1.7061447294822873
0.471762956600422,-2.9844992180507717,0.4552041563824248,-2.244922109458421,0.43342655922921464,-1.594309700671211
0.4124957879425195,-2.8991866366549237,0.4883400724853665,-2.285445110458273,0.47777988747374983,-1.638183755763945
0.27634557274674354,-3.1071252300056025,0.43674085524769873,-2.3605316680976545,0.337960815235034,-1.6790289980051665
0.5587639713068191,-2.9888720902170895,0.5153215922184555,-2.319799388599443,0.49014237677699624,-1.6791694185886785
0.4289239395087338,-2.9684770705893104,0.4484851365535362,-2.3278607067960073,0.4323427267733753,-1.6275607036903745
0.40270445709955494,-3.1080964236125057,0.3731394800245845,-2.435408928107281,0.42135759860772865,-1.6670291126180874
0.5099464481183948,-2.8034317971018874,0.5160192462828448,-2.176717294671392,0.45209152001637465,-1.517034727530348
0.5408233475054254,-2.833018819770539,0.5129478721803369,-2.2225584187246126,0.5051128613742617,-1.588380268689911
0.3699088846319849,-3.023637572486526,0.41663499102519286,-2.420880852533555,0.45863350410123765,-1.7247303740970132
0.3476579651285366,-2.900380766280351,0.4948600905428784,-2.287481834135917,0.49162200398448386,-1.5790832779424535
0.4970049797325928,-2.959291999707234,0.46722714772870594,-2.3079931427030806,0.4527417100195754,-1.642683041469665
0.5667308025590403,-2.9539264488412127,0.4556868672922502,-2.355153228790784,0.43529625907748265,-1.6879678006483312
0.5043613737845055,-2.7536540979387842,0.4568792332164975,-2.1402699486349057,0.45249995503345447,-1.457306871447006
0.5893818122371531,-2.8405817108569456,0.5404011275968258,-2.2719945911125534,0.5059581029449737,-1.6741420848359019
0.4334434903440812,-2.8408329340058067,0.48677908510940454,-2.2911559414861395,0.4709769393849066,-1.5574372552039957
0.4872218873613651,-2.9629573157037288,0.4311222354940302,-2.3554606743362347,0.41027966787151077,-1.6613794623213842
0.5243363387246857,-2.905820485212331,0.4672338552892831,-2.2489669721324863,0.47731146998625973,-1.6044621630403584
0.4778588118086739,-2.9567744945533123,0.4894808479922864,-2.37131488802399,0.5113488135959786,-1.6447003729376395
0.432781419152329,-2.961387755694214,0.37696770562208964,-2.339088381606763,0.420372128735818,-1.6079486989155949
0.687494616281138,-2.6755389207054745,0.5912979399181714,-2.207370569630594,0.5801299465351718,-1.5618767155434963
0.30242806583913995,-3.0071500672447136,0.4205225564550345,-2.3742940667522707,0.36709908564025207,-1.651741497849892
0.368520874792426,-2.8699580821721664,0.44601338344183955,-2.2614136926136066,0.5041252225947708,-1.5888867111563811
0.46099120797902493,-3.0227849513518805,0.45442858361448063,-2.309941711744438,0.46722503993664094,-1.6319118492440123
0.5163293860519009,-2.8851903087332786,0.555314058882391,-2.1435404621758,0.48990720388704406,-1.525746681743922
0.3917722892940241,-2.935680702641029,0.4382857355295285,-2.3110774596640558,0.4262807489600242,-1.6529703196853744
0.43004759117784536,-2.9971606266556132,0.4921687838202702,-2.287844190886703,0.49618090008524585,-1.615119155982889
0.44203854618937655,-2.938790848551366,0.41090001187875486,-2.308392808926257,0.4071300628010801,-1.5949338669360322
0.38112503222857763,-3.0113499940885453,0.44684440037861806,-2.2796523861486295,0.41454661042672103,-1.5860731955215899
0.5536143934443721,-2.981967241235746,0.5435980335776993,-2.278647775621901,0.512602589795315,-1.5980961073546527
0.38490899283965585,-3.1361061274075115,0.4225697180233643,-2.5364979505143777,0.37237165062120575,-1.795211502096726
0.4415165678589441,-2.974102793473066,0.44530206822189217,-2.3182130004805974,0.44100688636774055,-1.648772411018826
0.36927134762158,-3.098833280860604,0.36445469474178316,-2.4463439630176915,0.4125145273413255,-1.6904935726919101
0.4810526389157858,-3.0424880144936584,0.3791042537146088,-2.4253755820368275,0.3774768675198792,-1.7625492306105621
0.4719445144970754,-2.866294858129482,0.4690768849433282,-2.3289412279114585,0.4520471145806254,-1.651810445519253
0.39953138785203596,-2.940810833639839,0.4451122091800364,-2.2963409925590987,0.41184295681661615,-1.6510232228948079
0.5023172712130535,-2.9629639019323992,0.49612524896234084,-2.3118273425693516,0.45865276958038065,-1.5836140918847117
0.4739394201786327,-2.933235489153143,0.41907090849561474,-2.2183718899303986,0.48243329758875686,-1.5803708387115636
0.4821092484716325,-2.991590267203803,0.40242581930419374,-2.3507298365071945,0.40151058841682435,-1.6840590919327132
0.4788948781549316,-2.8089242481266687,0.5141042787918738,-2.196801024193315,0.48778983099745366,-1.546198376458994
0.3213709900445203,-3.036133434898961,0.4116700742356917,-2.354001656640597,0.40282412030832593,-1.6164741789447643
0.5210088271649076,-3.076566586438386,0.49403270310432773,-2.4113471769547443,0.4562995436177354,-1.6146983813452556
0.337838561550407,-3.127108124640219,0.3265485019257708,-2.4741806271430016,0.34790198851555215,-1.7612097327926768
0.5449653934936637,-2.932456870568787,0.43776267072922265,-2.300272565552834,0.4862655836157362,-1.5794212877628466
0.36748783110570404,-2.9886068540517443,0.42329118780244857,-2.3064401062520314,0.3767386802696605,-1.6146533129469132
0.3885885751935642,-3.08175362978156,0.39254215180131685,-2.4361228564959374,0.4481622966766635,-1.727439782324761
0.45071729376772657,-2.8497694611063116,0.5279246943354564,-2.213335165468687,0.4205722132954751,-1.5686637266997763
0.5229595862167291,-2.9688281431228543,0.45984651142703087,-2.3177060272647956,0.428087196747203,-1.6844420183321422
0.5039962550407612,-3.0875131030007936,0.42084765393100926,-2.4247032867456846,0.4525612569661515,-1.7474909646099281
0.47330810053082834,-3.0566338460525277,0.4593366396209127,-2.287068341725427,0.408844943220284,-1.6124000017395037
0.496289212685999,-2.9764273099028964,0.38586765088331415,-2.3344235149670105,0.43384827586335256,-1.584519054303285
0.4990257204419874,-2.857338310401409,0.4273641083822595,-2.213544523912934,0.44177462958581926,-1.5617412954468906
0.4219497965116058,-3.100106170743746,0.4193292083368052,-2.4209736472073224,0.4172126622872899,-1.692938621624407
0.48163453978379905,-3.04132124658438,0.4439681171616883,-2.300907470582828,0.4373120711727704,-1.6554599146283162
0.38749617241856305,-2.9185808593872826,0.442584655916039,-2.2970843834496804,0.448895260496066,-1.586819044653311
0.48191469560785005,-3.0353867687461746,0.3625386433979456,-2.270280327584447,0.4413070570030004,-1.5945933546598916
0.3236251492793831,-3.052426104532393,0.39232070934535634,-2.3280306305275373,0.38126361005253084,-1.6912845992515277
0.45063289624491853,-2.745650653202812,0.5063083045622826,-2.171423226137972,0.5021540848371668,-1.5210402846567164
0.4348891314145593,-3.112543275776871,0.4105732579992148,-2.4053359190772414,0.43465901280516345,-1.7754128400482314
0.4174932904703862,-2.920268032762817,0.5024714176732108,-2.2815990727397306,0.43806467160278356,-1.6402137975755513
0.3991411833761545,-3.0429699890892024,0.37775405451670035,-2.328611325946327,0.42662463331385686,-1.6207078885174662
0.4261411246664939,-3.0567651633676207,0.4235562317932949,-2.3849600372683573,0.4341363946954504,-1.7086154659853607
0.44162270004358084,-3.086031057731584,0.40438504406444215,-2.366135698483833,0.3975016401354946,-1.6621860563333481
0.3741879902239028,-3.030487649336666,0.40644661914117935,-2.3201498478516323,0.506873784791042,-1.570623343642035
0.4757232302813048,-2.8730361509357505,0.47662041600268,-2.2288265011769006,0.49180053890071074,-1.5590293375301605
0.3725119859040319,-3.0893782185685703,0.408536818908208,-2.430022472747573,0.37341838061641924,-1.7234318789764127
0.41114468724132186,-2.990436697117157,0.4481200946709604,-2.424622346848412,0.3985990283858809,-1.736795776501463
0.49219729005253277,-2.9487990257380843,0.5093906532258576,-2.230057301993982,0.5086236866971661,-1.645355845083231
0.3354968977018547,-2.926204599306144,0.4440378149565287,-2.2944127847453135,0.418583679842941,-1.5510466923604598
0.4690157551607212,-3.071106949544799,0.41896644190635374,-2.4400042343217487,0.4056424161610267,-1.7037870309312508
0.329705690745669,-3.012989779701608,0.423152832977918,-2.3460040571496203,0.40504849063759846,-1.6682049305737825
0.41546597592994117,-3.101181147369579,0.37498478754248077,-2.395823516907142,0.44414724264683353,-1.6960761196791665
0.344733540646092,-3.0441620123094455,0.40148027216525856,-2.3475185259732023,0.442878483052871,-1.6709937571145224
0.24376140523661124,-3.2556891358489026,0.36226421301216205,-2.431919202799788,0.44088215215670956,-1.6749938550426584
0.41998046772350833,-3.0288076406508515,0.48989187518617555,-2.314210550299358,0.44673072822016713,-1.664032464078367
0.45490359556437343,-2.952283632794126,0.42575407641664276,-2.3064501104277824,0.502619053699673,-1.6559260970504406
0.4028658045078107,-3.00106807181838,0.4071189654275399,-2.3014145966038564,0.46878696227294153,-1.6466745668387062
0.4801340120534696,-2.8937981919191738,0.5435337511803057,-2.198717137467198,0.4996133111565768,-1.5733478761471322
0.3712726469718627,-3.1473544266468383,0.48706632223493795,-2.3849580348284682,0.4700046787454692,-1.7495664002918776
0.5330440280850034,-2.7964040832396275,0.5347032731062343,-2.2348940063087603,0.5157437411131105,-1.6000250960382119
0.4836981369176754,-3.0101848295696385,0.4174336617430554,-2.3368583154558884,0.4226212961084672,-1.6608470350221554
0.5614635911732703,-2.8099699318874336,0.5021052143166074,-2.1798495306583026,0.4721278708969194,-1.563531044236664
0.6052975885172925,-2.9941619857758948,0.4909071107016253,-2.343866253360448,0.4940515820399108,-1.7220629087966075
0.4386659727771702,-2.974572747260476,0.4515698954596393,-2.2240962932532145,0.4221122470604946,-1.5748617326305705
0.3486795976455799,-3.050378742747306,0.4096816894400451,-2.376549690033926,0.4124136120221835,-1.6751950631784138
0.5147093008876826,-2.955096406135583,0.5017287254760499,-2.2995755756616862,0.4920939310191889,-1.6166922920655182
0.3903764753976784,-3.1831405077382766,0.4838725198060432,-2.444849950282452,0.4421066723434529,-1.7411437662439475
0.5194470654477573,-2.8916697704619505,0.4863023379991808,-2.3551372440369494,0.5324178021645621,-1.6257462623297838
0.3794928539301785,-3.0346021932876592,0.4419929533228071,-2.3176245607953048,0.455081289676415,-1.637396531471347
0.4054367318235349,-3.024079199237509,0.4148240601635618,-2.357634808079095,0.4086161740294064,-1.6291241478382978
0.5434784734794393,-2.827396669578206,0.4506028807928753,-2.2379315938273256,0.4631181148462388,-1.5669356737639006
0.4950150217212734,-2.96533273919708,0.4303764647420738,-2.425215825793596,0.4318744970113015,-1.772733575893307
0.5599767198421864,-2.868604475287833,0.4737827521787865,-2.365722753914168,0.4253695839486033,-1.7047524385788877
0.4814432857018082,-2.8711905465173277,0.4985682488956521,-2.283910896450091,0.4984737747380186,-1.611314625964788
0.3527998524287837,-3.022839237805879,0.3472747510688275,-2.3738859973404387,0.3909738001290011,-1.66780392656373
0.4784207623681065,-2.941133551089666,0.453485173270772,-2.3380082545345666,0.4623482801894087,-1.6713588215709236
0.5667028438848926,-2.90543157753214,0.5494321035510041,-2.2873982459294058,0.5123861541365862,-1.6446420486015725
0.3387938671384176,-3.115434598841216,0.4419788188364444,-2.393222410738145,0.4394014899219848,-1.6690713659778391
0.5887490915295666,-2.9271768331706265,0.4609162151468972,-2.286910088373186,0.4772983227586736,-1.605311638715378
0.4577457080081958,-3.02232785746795,0.3994644075163247,-2.2906579852247244,0.4230592983990006,-1.638739090934508
0.4443989944720108,-2.9248722128834244,0.4371308379326616,-2.2628597424241867,0.4295638901294495,-1.641002121433133
0.4861419997811896,-2.986378043954413,0.4780819816139174,-2.31548364315717,0.4514170507577331,-1.667840073836993
0.3663028668097505,-3.058220820210467,0.4069890707005686,-2.3430084820353216,0.3898061348595057,-1.696114146309433
0.3933572529435553,-3.0601888546379694,0.3978353003022588,-2.4019651384077387,0.3989431589119579,-1.6775208232299037
0.3745643806276377,-3.093604447852208,0.4065227228759007,-2.28321786091706,0.3754950314237146,-1.6227190535835074
0.4835969967435576,-2.93366733844061,0.4456494705220894,-2.301880336723037,0.4200379660090467,-1.620204394169448
0.4913367114312251,-2.886335307688248,0.4491835195597485,-2.3330146690781888,0.4599363359667321,-1.6219894414632854
0.4496271857261243,-2.9812887622507223,0.4319789908052516,-2.2775173656731265,0.4782729528233452,-1.5506732601708322
0.47310516289572,-2.9115592503306496,0.4371133932651085,-2.39630835054384,0.4142165940200868,-1.6491203698958143
0.2647805049618072,-3.079415312448231,0.4399659680778639,-2.357896169899596,0.4282483477147781,-1.6969009719103076
0.5367638257419364,-2.869059337718681,0.5032467632547243,-2.289938836187121,0.4636333651611838,-1.6172427665538218
0.5557877734093939,-2.8714930618337515,0.4523424232095807,-2.2850248442473284,0.4738444800249568,-1.599208668864711
0.4694152537796771,-2.8059451165154274,0.4602347165068103,-2.264831728591492,0.4936414505649376,-1.600633737299936
0.4915282462796124,-3.011358668814183,0.4882793689896605,-2.307101508899017,0.4765901202579812,-1.608762089093354
0.4045201419744054,-2.997033971598528,0.4086695365073426,-2.3281589980584547,0.487827071868155,-1.6145516797067074
0.3591709207321524,-2.944674371157688,0.384335038881041,-2.335883975565831,0.471949925171804,-1.650618266082484
0.3704998259017924,-3.155491194266634,0.4062394904626361,-2.4661304526216346,0.3810246837492491,-1.7828251818613956
0.4591696749083257,-2.961849436448239,0.4652223349264004,-2.329285352890131,0.4713653728896139,-1.5971294770805182
0.507253804325024,-2.9839981400382998,0.4584425482291289,-2.3746265658646646,0.3973712088628866,-1.6915540477672997
0.2788160232241078,-3.11752040667612,0.3988639169927138,-2.320313268338809,0.3983267716769004,-1.6485096355066735
0.3551558505302087,-2.882206974198253,0.4565280595673885,-2.232542447573896,0.5070038176699625,-1.576072203004987
0.3813058063308416,-3.039293491070754,0.3517841066697439,-2.343479289170437,0.4646110514505591,-1.6216228971721662
0.4835013766637204,-3.0126750527214634,0.4436941142180595,-2.329227567057422,0.4504316875549744,-1.6569178363138823
0.5884833476889366,-2.8619120835118586,0.4641941650866377,-2.2710042906499868,0.4902617482926317,-1.6030776369259732
0.4829904949171001,-2.8905614491368774,0.5228691396725221,-2.20401783519229,0.5166492073929836,-1.577976544366358
0.4217758329455509,-3.0868370314618407,0.3407245773884303,-2.385735296206569,0.3695879814029323,-1.646442148463768
0.5148481341119895,-2.961013358070049,0.4088891956366242,-2.311913229287628,0.4669640817154299,-1.637113129418767
0.3814466404481694,-2.9613599171035045,0.4829726254241857,-2.213627366003882,0.4916542027526739,-1.5734032295274163
0.3871118532149402,-2.9041846522469377,0.4434258896356611,-2.2411821902875677,0.413653794006548,-1.5768582057569451
0.384876166641648,-2.959698679045107,0.4656167287446339,-2.296141737802012,0.4207714709793658,-1.6693988771639492
0.5371094662662445,-2.920825305740124,0.4862758325067169,-2.324657023919528,0.4736113895798834,-1.619063262417412
0.4353180948254762,-3.027740718095,0.4877308146776339,-2.362335136586792,0.4381954154780017,-1.748119206058222
0.3481561164089435,-3.0020323929133244,0.4191839307342031,-2.3273798716164618,0.4466184292953375,-1.6588289502894284
0.4905076494903352,-2.9690696663621656,0.503077406229425,-2.3064896741506167,0.4805249998911621,-1.691933243865975
0.4025936870138162,-2.903101443733865,0.4001790350414814,-2.356736773356312,0.4680216718089701,-1.6094136273886137
0.3978402199451362,-2.994868288263445,0.3908848138798686,-2.3134119193277223,0.4034124835412363,-1.600614029099128
0.4474531093283851,-2.856620774598727,0.4753320055467016,-2.2798108251563733,0.4844109691956921,-1.6397119124215576
0.3972949338011386,-2.94492945390593,0.4493138246181892,-2.2964023963307154,0.433302318772375,-1.6381860359815723
0.4324289498838916,-3.044586199831981,0.4214524407751187,-2.398560693131021,0.3942997026834594,-1.8146697230841475
0.41898634482135,-2.9332239889274665,0.4834270316064669,-2.360263745995537,0.4455689486361693,-1.6546136116564474
0.4683540944330507,-2.976524877687885,0.4117811956189761,-2.3050192547129384,0.3874707785687689,-1.6678507833731029
0.3816718001725949,-3.206675491926469,0.4503277142592489,-2.439943620182817,0.4400626780395376,-1.7268131472279007
0.3119315815677179,-3.1168547237856714,0.4381167098958736,-2.4234040830693577,0.4145788386309191,-1.7259679287118048
0.4501808382263476,-2.936808964302052,0.3393737230420483,-2.412325961521257,0.4687569141779719,-1.659533361833184
0.4167880597979061,-3.015763357447772,0.4299878143217879,-2.379847510356666,0.4104785983578256,-1.6251412924592044
0.4447670021816929,-3.1445689819102425,0.4506935143415921,-2.372353802819991,0.4600758955487052,-1.802112219393891
0.4132106371200663,-2.929727592978247,0.4753425214332271,-2.295416477633866,0.4948558422329739,-1.5794806432611546
0.3639861443982545,-2.9952250999167958,0.4265622504871184,-2.384148718828913,0.3867540792177146,-1.6455799082109843
0.3671129521219374,-3.1128880780885537,0.4362732195946804,-2.3323063459620696,0.4631342413847479,-1.7001497903305571
0.31430898205237,-3.078910126986397,0.3661599441222526,-2.4201066790930423,0.4294639961681797,-1.7096248118029858
0.5257612821733492,-2.9450752553169197,0.4431202105709682,-2.354614422206682,0.4476089386044649,-1.6774488289777298
0.4066128352631693,-3.0357854713000805,0.4179271075683903,-2.3508332138459527,0.4554619420964206,-1.6798804459945156
0.4479948906205729,-2.9134855156552315,0.4661065209210246,-2.333145454176267,0.4659535310709207,-1.6772057840529704
0.4835793956632565,-2.857232276460609,0.489807902952899,-2.222810519011201,0.5091420861861324,-1.6196443184661755
0.349932985627966,-2.993069722318428,0.4708785781029186,-2.398740702053248,0.4214003682663031,-1.7212373368321512
0.2222550283174935,-3.173396254155583,0.3606071499999378,-2.377212097228567,0.4343891743504808,-1.751583833890047
0.549193975430141,-2.978679319113545,0.530144445046229,-2.313988543181856,0.4501649685152404,-1.5878832129952754
0.4715577209868781,-2.992421405329611,0.5151352022304154,-2.265388942180277,0.5243840770277044,-1.5907121016849488
0.4866629730640337,-3.078900063455959,0.4691456619210888,-2.392717524591333,0.450389490661069,-1.6590583602760185
0.4447068068564698,-3.013888226743408,0.4097000643987241,-2.382170547601965,0.4590363662151353,-1.684646012893107
0.4646205940405255,-2.9195372837591025,0.4303005758666823,-2.3070618243876355,0.4305643080212624,-1.6643379183315714
0.4856499294236518,-2.92534755059454,0.5222781208019757,-2.245262648803858,0.4659982043888537,-1.5695778863765926
0.5460568825373193,-2.8993314661307954,0.4895723540409407,-2.2793879036669416,0.4892934821531083,-1.653798646450961
0.5424007344052577,-2.817527953206372,0.4628157765430312,-2.221568767213314,0.4251060451511744,-1.512248541762806
0.2711114647551621,-3.088020528497005,0.4212870305885218,-2.455236508522899,0.4214276046573211,-1.736839000171805
0.3371193219367886,-3.0879412358223792,0.3625336482170108,-2.40493621788136,0.3550730774109683,-1.711580577875077
0.4679356461914136,-2.949884497852588,0.4840357841586509,-2.397452487949574,0.4528594350177077,-1.6955920512646492
0.5645180096143136,-2.7569747406040035,0.4928323157241368,-2.190442044953665,0.4826979606594954,-1.5538783080519976
0.5022066095730707,-2.970715098383196,0.5138659545235529,-2.3298967116809077,0.4892206430470489,-1.6763512404970615
0.5693765879075284,-2.824389048535712,0.5256904369244854,-2.311994254680475,0.4475329928215786,-1.6819065367104
0.2085076117362478,-3.118196596331799,0.3248615561040381,-2.4603926942022185,0.3890776546259446,-1.730540676763091
0.5615675211170357,-2.8585573900637136,0.5098680687819223,-2.2240993698522606,0.4894075702237231,-1.578835008800621
0.5570069253441096,-2.8848112789136797,0.5584783031314208,-2.188898809143458,0.5235150246170978,-1.5651293886894615
0.3866580274670349,-2.991128568467571,0.4083270297843698,-2.318016252711351,0.4215716017334043,-1.6109771211780577
0.5144986149580505,-2.868063054020738,0.4696534841793688,-2.2190895578410146,0.4687274884373321,-1.62799972642928
0.4004988077867408,-3.0734119476816093,0.4835645361983897,-2.3360624625862023,0.4530429787283607,-1.6284822752054446
0.365568579078328,-3.008311231314876,0.4846718802484565,-2.274760801184744,0.4592754510451494,-1.6415648392682876
0.375454172215251,-3.0101339372875677,0.3861908208821235,-2.3629329596062747,0.4349007433344825,-1.6536988106416102
0.4310214456823307,-3.0469019432155804,0.4024076916394506,-2.319289862078927,0.4063821765614259,-1.6241009557340564
0.532247618880673,-2.829674133813646,0.4648397593633984,-2.234324966357814,0.4490130249372674,-1.5536454358602494
0.3281040830833459,-3.126690717065383,0.4213755997083332,-2.47124483495296,0.3903789323031039,-1.7495417955042736
